word|definition|sentence|lesson
appropriate|to take, make use of|The government decided to _____ the farmer's land without justification.|1
battery|a device that supplies power|Most cars run on a combination of power from a _____ and gasoline.|1
compliment|an expression of esteem or approval|I blushed crimson when Emma gave me a _____ on my new haircut.|1
perplex|be a mystery or bewildering to|But then in September, cases in the state began rising again, which seemed to _____ health officials.|1
uncanny|surpassing the ordinary or normal|The Dark Sky App tells you the weather where you are with an _____ accuracy.|1
wistful|showing pensive sadness|As Hina speaks, my parents’ faces relax, grow _____, as they remember when they were young and full of dreams.|1
agile|moving quickly and lightly|When you think of the Olympics you think of the fastest men on earth, the runners, you think of the strongest men, the weightlifters, and you think of the most _____, the gymnasts.|1
appease|cause to be more favorably inclined; gain the good will of|In order to have a certain type of success, you’re told you have to _____ and pacify the audience.|1
benevolent|showing or motivated by sympathy and understanding|She was a warm, _____ woman who tried to make this first day as easy as possible.|1
blemish|a mark or flaw that spoils the appearance of something|Every _____ disappeared, her skin turning flawlessly smooth.|1
calamity|an event resulting in great loss and misfortune|A windstorm, lightning fire, landslide, volcanic eruption, or other natural _____ can knock down trees and open up the forest, or prevent open country from turning into forestland.|2
chronological|relating to or arranged according to the order of time|The book is split into five parts, which proceed roughly in reverse _____ order, beginning in the nineteen-forties and stretching back to the eighteenth century.|2
clamor|loud and persistent outcry from many people|There was a small _____ of questions, comments, pleas, and thanks from children who had remained still as stones throughout the story.|2
coherent|marked by an orderly and consistent relation of parts|I had so many questions it was useless to try to sort them into any _____ order.|2
cultivate|foster the growth of|The leaders of the group clearly valued and wanted to _____ the talent of their female members.|2
curt|brief and to the point|His morning announcements were short and _____, and he didn’t say anything about the scoreboard.|2
delegate|give an assignment to or assign a task to|Previously, the federal government would _____ to the individual states how each could organize its voting procedures.|2
diligent|characterized by care and perseverance in carrying out tasks|He was known as a _____ worker, and his skill and leadership qualities were plain to all his subordinates.|2
disdain|lack of respect accompanied by a feeling of intense dislike|The eyes of the other sailors are on me, and I can’t tell if their stares hold approval or _____.|2
dispel|force to go away|For most of us, to _____ the darkness is as simple as turning on a light.|2
dissent|a difference of opinion|We don’t need to all agree with each other – _____ is a healthy component of the scientific community.|3
dormant|in a condition of biological rest or suspended animation|He had planted a seed, and though I let that seed lie _____ for a long season, it eventually began to grow.|3
dubious|not convinced|I must have looked _____, for he said: “Really, I do.”|3
elaborate|marked by complexity and richness of detail|The streets are crowded with young people in _____ getups—giant lace skirts, _____ umbrellas, ten-inch-tall boots, eyelashes that seem miles long, face masks that glow in the dark.|3
elated|exultantly proud and joyful; in high spirits|"We're so _____ that you could join us in celebrating the birthday of our beloved daughter."|3
embellish|add details to|If she sees Teacher there looking so interested, she's going to _____ the story.|3
entail|impose, involve, or imply as a necessary result|Renting a vacation home will _____ certain risks, but you can minimize or avoid them by doing your research.|3
forsake|leave someone who needs or counts on you; leave in the lurch|We shall not _____ our old alliance with Gondor, and while they fight we shall aid them: so say I and all who hold with me.|3
ingenious|showing inventiveness and skill|Over the years I’ve interviewed scores of scientists, inventors, and entrepreneurs, and I’m continually impressed by how _____ humans are as a species.|3
lenient|characterized by tolerance and mercy|"I ask the court to be _____, in consideration of his age," says the attorney.|3
luminous|softly bright or radiant|Some of the boats shine _____ green, others glow blinding white like an alien spacecraft in a movie.|4
meager|deficient in amount or quality or extent|Usually there was a good supply of salt fish kept in barrels, but fish had not been plentiful the past summer, so now the supply was _____.|4
moderate|not extreme|Luckily, the restaurant we chose had _____ prices; none of us have any money.|4
notorious|known widely and usually unfavorably|When I asked him where it was, he said his shirt was to be laundered by the _____ gangster inmate Al Capone.|4
nurture|help develop; help grow|It’s great to set goals and _____ hope.|4
oblivious|lacking conscious awareness of|He was fast asleep, snoring like a squirrel in midwinter, _____ to all about him.|4
obscure|not clearly understood or expressed|Our argument ended in a draw; we agreed that the passage was _____ and that as it stood it could be explained either way.|4
ominous|threatening or foreshadowing evil or tragic developments|Her tone was _____, as though our next meeting would not be happy.|4
ornate|marked by complexity and richness of detail|The _____ lobby, with its marble columns and twisting staircases, leads to a lush, domed auditorium with seating for about 650 and decorated with a colorful timeline fresco detailing the country’s history.|4
resolve|bring to an end; settle conclusively|The problems that remain are serious and will require negotiations to _____ them.|4
serene|not agitated|She floated, _____ and at peace, on a black sea that knew no shore.|5
tranquil|not agitated|One moment everything was _____, and the next moment the geese were in a panic.|5
vigilant|carefully observant or attentive|I kept a _____ watch, sometimes rising in the small hours of the night to gaze out at the moonlit lanes and hedgerows.|5
abate|become less in amount or intensity|She crouched on the floor for some time waiting for her headache to _____.|5
abort|to give up on a half-finished project or effort|After they ran out of food, the men, attempting to jump rope around the world, had to _____ and go home.|5
accessible|obtainable, reachable|After studying with SparkNotes and getting a great score on the SAT, Marlena happily realized that her goal of getting into an Ivy-League college was _____.|5
acute|sharp, severe|Arnold could not walk because the pain in his foot was so _____.|5
adamant|impervious to pleas, persuasion, requests, or reason|In the face of such _____ refusal, there was no agreed plan within the administration on how to proceed.|5
admonish|scold or reprimand; take to task|“Don’t talk about your father like that on Christmas Eve. Shame on you,” Mrs. Meecham would regularly _____ her children.|5
affluent|having an abundant supply of money or possessions of value|It was one of the prettier, more _____ parts of the South Side, where people kept two cars in the driveway and had abundant beds of flowers blooming along their walkways.|5
aloof|distant, cold, or detached in manner|I treated him with indifference, and I stayed _____ and emotionally distant.|6
amiable|diffusing warmth and friendliness|Bill is a very nice fellow, _____ and full of knowledge, experienced on mountain trails, and with the inestimable bonus that he is a gifted orthopedic surgeon—just what you want in a dangerous wilderness.|6
anecdote|short account of an incident|It seemed everyone had a funny _____ to share or a touching memory of a loved one.|6
anonymous|being unknown, unrecognized|Mary received a love poem from an _____ admirer.|6
anxiety|intense uneasiness|When he heard about the car crash, he felt _____ because he knew that his girlfriend had been driving on the road where the accident occurred.|6
astute|marked by practical hardheaded intelligence|Here we find the words Homer applies to Ulysses, the same descriptions applied to the hero of the Odyssey: sagacious, cunning, _____, shrewd, artful, crafty, deceitful, tricky.|6
audacious|disposed to venture or take risks|Harry’s was an age that spawned bold dreams and _____ dreamers.|6
benign|kind in disposition or manner|There was no _____ smile upon Dumbledore’s face, no twinkle in the eyes behind the spectacles.|6
brusque|rudely abrupt or blunt in speech or manner|Brushing past Mariam, he said in a _____ voice, “I’m hungry. Get supper ready.”|6
canvas|a piece of cloth on which an artist paints|Picasso liked to work on _____ rather than on bare cement.|6
catalog|a list or collection|We received a _____ from J. Crew that displayed all of their new items.|7
chaos|absolute disorder|Mr. Thornton's sudden departure for the lavatory plunged his classroom into _____.|7
chastise|scold or criticize severely|He was quick to _____ me whenever I got lazy.|7
concede|admit or acknowledge, often reluctantly|Interviewed later, one of the men will _____ that the painting was nice, saying, "Sure, I liked it okay."|7
concise|expressing much in few words|A man of few words, Mendel was even more _____ in his writing: he had distilled nearly a decade’s work into forty-four spectacularly dreary pages.|7
deft|skillful in physical movements; especially of the hands|Alice was kneeling in front of her, facing away, as the woman bent over her and with _____ fingers wove her hair into complex braids, twisting flowers into it as she did.|7
desolate|providing no shelter or sustenance|Now the three travelers were standing on a _____ plain, with no signs of any kind of life whatsoever.|7
dissipate|go away, scatter, or disappear|“You forgot the bit about the fact that clouds _____ and vanishing into nothing,” said Yvaine.|7
ecstatic|feeling great rapture or delight|I was totally _____ about being a part of something that I’d heard so many wonderful things about.|7
emaciated|very thin especially from disease or hunger or cold|She coughed a lot, and she was very thin, almost _____; but she still took pride in her appearance.|7
exasperate|make furious|It would _____ him that Clara never seemed truly grateful for anything and never seemed to need anything that he could give her.|8
exult|express great joy|“I knew it! I knew it! Oh, my Jo, I am so proud!” and Beth ran to hug her sister and _____ over this splendid success.|8
furtive|secret and sly; marked by quiet and caution and secrecy|Isn’t she quaint, Luke would say to me, and my mother would look sly, _____ almost.|8
haughty|having or showing arrogant superiority|Even unconscious, he looked proud and _____, but there was nothing to be afraid of.|8
impassive|having or revealing little emotion or sensibility|Aru peered up at the statues and their cold, _____ faces.|8
implicit|suggested though not directly expressed|Aunt Lydia did not actually say this, but it was _____ in everything she did say.|8
impudent|marked by casual disrespect|That cup had its place and it was an act of _____ rebellion to place it anywhere else.|8
incessant|uninterrupted in time and indefinitely long continuing|I’m continually being scolded for my _____ chatter when I’m upstairs.|8
innate|inborn or existing naturally|Scientists, philosophers—and parents—have asked similar questions about what is _____ and what is learned in the infant brain, going all the way back to the ancients.|8
insolent|marked by casual disrespect|I was offended, took it far too much to heart and was _____ and beastly to her, which, in turn, made her unhappy.|8
interject|speak abruptly, especially as an interruption|I tried to _____, but I couldn’t get a word in.|9
inundate|fill or cover completely, usually with water|Residents in southern Queensland are on high alert as major floods _____ towns.|9
malleable|capable of being shaped or bent|She made the decorated pins herself, melting and molding _____ plastic into interesting shapes, seated at a picnic table in her backyard a few weekends ago.|9
meticulous|marked by extreme care in treatment of details|He was much too _____ an artist to permit so unsteady a hand to apply even a drop of paint to his hallways.|9
oblique|not direct, explicit, or straightforward|He lied to the senate, he gave _____ answers at best.|9
obsolete|no longer in use|The new microscope will replace an _____ model that the university purchased more than 30 years ago.|9
obstinate|marked by tenacious unwillingness to yield|They remain _____ and continue to defy the request from the Justice Department.|9
pervasive|spreading or spread throughout|The acrid smoke and its _____ smell made me sick to my stomach.|9
quell|overcome or allay|He closed his eyes, not to get lost in thought, but to _____ the rising anger within him.|9
reprieve|a relief from harm or discomfort|Their brief _____ was over, however; people were coming at them from all directions.|9
respite|a relief from harm or discomfort|The one place she could get a _____ from the heat was the air-conditioned officers’ club.|10
restitution|a sum of money paid in compensation for loss or injury|Under terms of a plea agreement, prosecutors will recommend a probationary sentence if _____ is paid to the victim for the damage.|10
strenuous|taxing to the utmost; testing powers of endurance|The two-hour hike up is _____ and you won’t be alone if your T-shirt is drenched with sweat by the time you finish.|10
succinct|briefly giving the gist of something|“An admirably _____ and accurate summary, yes,” said Dumbledore, bowing his head.|10
tedious|so lacking in interest as to cause mental weariness|Rufus said I didn’t have to, but as _____ as the work was, I could stand it easier than I could stand more long hours of boredom.|10
undulate|move in a wavy pattern or with a rising and falling motion|Two Step spun once, then slid all the way to one side of the cart and made his whole body _____ like a wave.|10
usurp|seize and take control without authority|In some ways, she thinks he wants to _____ what should be her role.|10
wallow|devote oneself entirely to something|And do acknowledge what you’re feeling. That doesn’t mean you need to _____ in it, but labeling your feelings — recognizing you’re sad or overwhelmed in some moments — will allow you to function better.|10
wane|become smaller|I'll keep at it as long as my interest doesn't _____.|10
wily|marked by skill in deception|She delighted in his _____ mind, his shrewdness and his cunning; she was always forward to help him.|10
abhor|feel hatred or disgust toward|His father would _____ waste of any kind, to the point where he complained to Ashima if a kettle had been filled with too much water.|11
abide|to put up with|Though he did not agree with the decision, Chuck decided to _____ by it.|11
accommodating|helpful, obliging, polite|Though the apartment was not big enough for three people, Arnold, Mark, and Zebulon were all friends and were _____ to each other.|11
acute|having keen insight|Because she was so _____, Libby instantly figured out how the magician pulled off his "magic."|11
adhere|be compatible or in accordance with; follow devoutly|The fashions of Victorian Britain saw the firm prosper, with widows and other female relatives choosing to _____ to a strict code of clothing and etiquette when in mourning.|11
adhere|to stick to something|We had to _____ the poster to the wall with tape.|11
adverse|antagonistic, unfavorable, dangerous|Because of _____ conditions, the hikers decided to give up trying to climb the mountain.|11
advocate|to argue in favor of something|Arnold chose to _____ turning left at the stop sign, even though everyone else thought we should turn right.|11
aesthetic|characterized by an appreciation of beauty or good taste|Part of her interest in this was _____: she liked the look of the thing.|11
agriculture|farming|It was a huge step in the progress of civilization when tribes left hunting and gathering and began to develop more sustainable methods of obtaining food, such as _____.|11
allege|to assert, usually without proof|The policeman had tried to _____ that Marshall committed the crime, but after the investigation turned up no evidence, Marshall was set free.|12
alleviate|provide physical relief, as from pain|Other therapies _____ symptoms but don’t eliminate the underlying cause.|12
allocate|distribute according to a plan or set apart for a purpose|The person who finds this “inheritance” will receive a tenth of the money; the executor will _____ the remainder to the city.|12
altercation|a noisy quarrel|I also have to behave myself, play well with others, refrain from throwing desks, as well as refrain from any “violent physical _____.”|12
ambiguous|open to two or more interpretations|The charity said more needed to be done to protect consumers, claiming current rules were "_____".|12
amicable|friendly|Claudia and Jimmy got divorced, but in an _____ way and without hard feelings.|12
anomaly|deviation from the normal or common order, form, or rule|Indeed, Norway’s case was something of an _____: a rare example of reality intruding.|12
antagonism|an actively expressed feeling of dislike and hostility|The _____ between the two sides remained during the transition to democracy in the 1970s, resulting in deep divisions between right and left.|12
apathetic|showing little or no emotion or animation|We stare at one another, keeping our faces blank, _____.|12
archaic|so extremely old as seeming to belong to an earlier period|“I was just focused on mastering this _____ instrument, which was popular from the 16th to 18th centuries,” she says.|12
aspire|have an ambitious plan or a lofty goal|I _____ to be like him. Everything he draws blows me away.|13
assess|to evaluate|A crew arrived to _____ the damage after the crash.|13
attribute|explain or regard as resulting from a particular cause|Scientists _____ the significantly larger population in the Americas to a relatively disease-free society whose use of herbal medicine, surgery, dentistry, and hygienic and ritual bathing kept disease at bay.|13
attribute|a facet or trait|One peculiar _____ of the beetle is its thorny protruding eyes.|13
audible|able to be heard|The missing person's shouts were unfortunately not _____.|13
battery|assault, beating|Her husband was accused of assault and _____ after he attacked a man on the sidewalk.|13
bias|a tendency, inclination, prejudice|The judge's hidden _____ against smokers led him to make an unfair decision.|13
callous|emotionally hardened|However, his misgivings proved correct, because his father was _____ and cruel to the workers, forcing them to labor under harsh conditions from morning to night.|13
catalog|to list, enter into a list|The judge would _____ the victim's injuries before calculating how much money he would award.|13
cognizant|having or showing knowledge or understanding or realization|So we definitely need to be _____ and aware of that.|13
compensate|make payment to|Allotment ended in 1934, but the land taken was never restored and the government did not _____ Indigenous peoples for their losses.|14
complement|make perfect or supply what is wanting|Banchan are one of the great joys of Korean cuisine, acting as a _____ to the entree, such as a grilled meat or a bubbling stew, but treasured in their own right.|14
comprehensive|including all or everything|While long and detailed, the book wasn’t _____.|14
compress|to apply pressure, squeeze together|Lynn decided to _____ her lips into a frown.|14
consolation|the act of giving relief in affliction|The first week at August’s was a _____, a pure relief.|14
convention|an assembly of people|The hotel was full because of the cattle-ranchers' _____.|14
convention|a rule, custom|The cattle-ranchers have a _____ that you take off your boots before entering their houses.|14
cordial|politely warm and friendly|I consider myself a very _____ and pleasant person when encountering people.|14
counteract|to neutralize, make ineffective|The antidote was able to _____ the effect of the poison.|14
covert|secret or hidden|It's the job of a spy to be _____, secretive, undercover.|14
defile|make dirty or spotty|Many Native Hawaiians consider the mountain’s summit to be sacred and view the telescopes as a way to _____ the site.|15
defunct|no longer in force or use; inactive|The castle is _____; its trimmings and furniture, long gone.|15
deliberate|intentional, reflecting careful consideration|Though Mary was quite upset, her actions to resolve the dispute were _____.|15
denounce|speak out against|China chose to _____ the move as damaging to regional peace and security.|15
deplore|express strong disapproval of|They write books and articles to _____ it, fire off letters to the editor, and call in to radio talk shows with their criticisms and complaints.|15
diffuse|spread out; not concentrated in one place|There are roughly 3 million Uber drivers across the globe — a workforce too vast and _____ to organize for an effective work stoppage.|15
disclose|to reveal, make public|The CEO was forced to _____ to the press that the company would have to fire several employees.|15
discordant|lacking in harmony|Neither one of them heard the _____ sound of a jet engine coming near until it roared right above their heads.|15
discrepancy|a difference between conflicting facts or claims or opinions|In some cases, says Moult, it was not clear whether the _____ between AlphaFold’s predictions and the experimental result was a prediction error or an artefact of the experiment.|15
disperse|to scatter, cause to scatter|When the rain began to pour, the crowd at the baseball game was quick to _____.|15
dynamic|characterized by action or forcefulness of personality|Every art book Mrs. Richardson consulted described her in glowing terms: a self-taught genius, a feminist photographic pioneer, a _____ and generous intellect.|16
eloquent|expressing yourself readily, clearly, effectively|He wasn’t the most _____ or stylish debater on the stage.|16
elude|escape, either physically or mentally|Animal control officials said another coyote was spotted in the same part of the city around the same time but it was able to _____ capture.|16
eminent|standing above others in quality or position|When he outstripped the teaching abilities of his early mentors, his mother and former San Francisco Symphony music director Alfred Hertz decided he should study with the _____ pianist Artur Schnabel.|16
empathy|sensitivity to another's feelings as if they were one's own|I feel such _____ for my sister when she's in pain that I cry too.|16
emulate|strive to equal or match, especially by imitating|For a time years ago, there were groups who would _____ and imitate us.|16
enigmatic|not clear to the understanding|Both poets used _____, allusive imagery and are considered part of the Symbolist movement, influencing artists from Debussy to Picasso to Bob Dylan.|16
ethereal|characterized by lightness and insubstantiality|The steam was so thick that the players were vague, _____ forms in the mist.|16
exacerbate|make worse|A mild El Nino weather pattern was able to _____ last year’s blazes, prolonging the dry season.|16
fidelity|loyalty, devotion|Guard dogs are known for the great _____ they show toward their masters.|16
figurative|symbolic|Using _____ language, Jane likened the storm to an angry bull.|17
forlorn|marked by or showing hopelessness|I often think,” said she, “that there is nothing so bad as parting with one’s friends. One seems so _____ without them.|17
fortitude|strength of mind that enables one to endure adversity|Class,” she says, “today’s vocabulary word is _____. ‘Strength to endure.’|17
foster|to stimulate, promote, encourage|To _____ good health in the city, the mayor started a "Get out and exercise!" campaign.|17
harrowing|causing extreme distress|A cross-country journey was a _____ ordeal, five days of clanging, rocking, and bumping in a confined space.|17
heterogeneous|consisting of elements not of the same kind or nature|My current lab is the most _____: of 37 members, 14 of us are female and our backgrounds span 17 countries.|17
hierarchy|a system with ranked groups, usually according to social, economic, or professional class|Women found it very difficult to break into the upper ranks of the department's _____.|17
hypocrisy|pretending to believe what one does not|Once the politician began passing legislation that contradicted his campaign promises, his _____ became apparent.|17
hypothetical|supposed or assumed true, but unproven|Even though it has been celebrated by seven major newspapers, that the drug will be a success when tested in humans is still _____.|17
illicit|forbidden, not permitted|The fourth-grader learned many _____ words from a pamphlet that was being passed around school.|17
imperative|necessary, pressing|It is _____ that you have these folders organized by midday.|18
impetuous|characterized by undue haste and lack of thought|And likewise, two men prosper equally employing two different means, one being cautious and the other _____.|18
implement|to put into effect, to institute|After the first town curfew failed to stop the graffiti problem, the mayor decided to _____ a new policy to use security cameras to catch perpetrators in the act.|18
incendiary|inciting action or rebellion|The enraging, _____ and expertly crafted Crime + Punishment arrives in a moment inhospitable to the nuanced conversations required of the topic.|18
indigenous|originating where it is found|One day she meets Manuela, a speaker of Triqui, an _____ language of Oaxaca, and asks to record her speaking this language to document it.|18
insidious|working or spreading in a hidden and usually injurious way|Harsh judgment and malicious gossip are _____ and destructive to relationships.|18
irrevocable|incapable of being retracted|“Thursday,” Archie said, a command in his voice, no nonsense, final, _____.|18
latent|potentially existing but not presently evident or realized|“The _____ potential” for extreme fires in the west, as well as hurricanes in the east “and many other natural disasters, is worse with each warmer year”, he recently told the Guardian.|18
lavish|characterized by extravagance and profusion|When the rich lord turned sixty, he decided he would throw his most _____ banquet.|18
lethargic|deficient in alertness or activity|They were _____ and sloppy at times, including a four-minute power play sequence in the second period in which they didn’t even register a shot on Anderson.|18
liability|a handicap, burden|Because she often lost her concentration and didn't play defense, Marcy was a _____ to the team.|19
moderate|one who expresses moderate opinions|Because he found both the liberal and conservative proposals too excessive, Mr. Park sided with the _____ politicians.|19
multifarious|having many aspects|Cancer is not one disease but many diseases – more than 100 different types and subtypes, an illness so impossibly _____ that it defies the very limits of classification.|19
mundane|concerned with the world rather than with heaven, commonplace|He is more concerned with the _____ issues of day-to-day life than with spiritual topics.|19
myriad|consisting of a very great number|It was difficult to decide what to do Friday night because the city presented us with _____ possibilities for fun.|19
nefarious|extremely wicked|Or was the company engaged in a _____ conspiracy involving multiple people to steal years of hard-earned secrets?|19
nonchalant|marked by casual unconcern or indifference|It appeared _____ and not too concerned about me.|19
novice|a beginner, someone without training or experience|Because each of us was a _____ at yoga, our instructor decided to begin with the basics.|19
paradox|a statement that contradicts itself|The need to nurture living things, I believe, flows from our own innate knowledge that life is laden with _____: It is both robust and fragile, enduring and fleeting, commonplace and yet so precious.|19
paramount|greatest in importance, rank, character|It was _____ that the bomb squad disconnect the blue wire before removing the fuse.|19
parody|a satirical imitation|A hush fell over the classroom when the teacher returned to find Deborah acting out a _____ of his teaching style.|20
patent|readily seen or understood, clear|The reason for Jim’s abdominal pain was made _____ after the doctor performed a sonogram.|20
placid|calm, peaceful|The _____ lake surface was as smooth as glass.|20
plausible|apparently reasonable, valid, or truthful|This leaves many of the mysteries of the universe — like why stars are so big and atoms are so small — with no _____ explanation.|20
pragmatic|practical|The politician argued that while increased security measures might not fit with the lofty ideals of the nation, they were a _____ necessity to ensure everyone’s safety.|20
preclude|keep from happening or arising|An examination was quietly begun by the Office of the Comptroller of the Currency off the bank premises to _____ local panic.|20
prudence|cautious, circumspect|After losing a fortune in a stock market crash, my father vowed to practice greater _____ in future investments.|20
pungent|strong and sharp to the sense of taste or smell|I used shallots instead of garlic and added a little oil to turn it into a sweet, _____ dressing.|20
rash|hasty, incautious|It’s best to think things over calmly and thoroughly, rather than make _____ decisions.|20
reconcile|to return to harmony; to make consistent with existing ideas|The feuding neighbors finally reconciled when one brought the other a delicious tuna noodle casserole. Alou had to _____ his skepticism about the existence of aliens with the fact that he was looking at a flying saucer.|20
refute|overthrow by argument, evidence, or proof|And she didn’t even say anything to _____ his statement, didn’t even argue with him, which to me was strange.|21
relish|to enjoy|Pete always liked to _____ his bedtime snack.|21
repentant|feeling or expressing remorse for misdeeds|The old woman looked up at him when he said that, as worshipful as a _____ sinner testifying in church.|21
resilient|able to recover from misfortune; able to withstand adversity|The _____ ballplayer quickly recovered from his wrist injury.|21
salutation|an acknowledgment or expression of good will|Whenever I went out, I heard on all sides a cordial _____, and was welcomed with friendly smiles.|21
speculative|not based on fact or investigation|This is where other scientists say the study gets too _____.|21
superfluous|more than is needed, desired, or required|And though nonlawyers might assume that the language of contracts, such as the party of the first part, must serve some legal purpose, most of it is _____.|21
tenuous|lacking substance or significance; weak or unstable|When Hoover met with White, his grip on power remained _____, and he was suddenly confronting the one thing that he’d done everything to avoid since becoming director: a scandal.|21
transient|lasting a very short time|If they're _____, that means they only last a short while.|21
tremulous|quivering as from weakness or fear|He caught sight of me, and I gave him a weak, rather _____ smile.|21
ubiquitous|existing everywhere, widespread|It seems that everyone in the United States has a television. The technology is _____ here.|22
vindictive|disposed to seek revenge or intended for revenge|Her story is the only one in which the good goddess, Ceres, appears cruel and _____.|22
vivacious|vigorous and animated|Described by her friends and family as _____, confident, bright, and strong, Sergeant Gee excelled in the Marines.|22
abduct|to kidnap, take by force|The evildoers decided to _____ the fairy princess from her happy home.|22
abide|to remain|Despite the beating they've taken from the weather throughout the millennia, the mountains _____.|22
abridge|to cut down, shorten|The publisher thought the dictionary was too long and decided to _____ it.|22
abridged|shortened|Moby-Dick is such a long book that even the _____ version is longer than most normal books.|22
abstain|to freely choose not to commit an action|Everyone demanded that Angus put on the kilt, but he did not want to do it and chose to _____.|22
accentuate|to stress, highlight|Psychologists agree that those people who are happiest _____ the positive in life.|22
acclaim|high praise|Greg's excellent poem won the _____ of his friends.|22
accord|an agreement|After much negotiating, England and Iceland finally came to a mutually beneficial _____ about fishing rights off the cost of Greenland.|23
adept|extremely skilled|Tarzan was _____ at jumping from tree to tree like a monkey.|23
adorn|to decorate|We decided to _____ the tree with ornaments.|23
advocate|a person who argues in favor of something|In addition to wanting to turn left at every stop sign, Arnold was also a great _____ of increasing national defense spending.|23
aerial|somehow related to the air|We watched as the fighter planes conducted _____ maneuvers.|23
affinity|a spontaneous feeling of closeness|Jerry didn't know why, but he felt an incredible _____ for Kramer the first time they met.|23
aggregate|gather in a mass, sum, or whole|The project assembled hundreds of volunteers to make calls around the country and decided to _____ the data itself.|23
aggregate|a whole or total|The three branches of the U.S. Government form an _____ much more powerful than its individual parts.|23
aisle|a passageway between rows of seats|Once we got inside the stadium we walked down the _____ to our seats.|23
alias|a false name or identity|He snuck past the guards by using an _____ and fake ID.|23
amenable|disposed or willing to comply|If you asked an average taxpayer how he feels about a 6 percent utility increase, he’d probably be _____.|24
anguish|extreme sadness, torment|Angelos suffered terrible _____ when he learned that Buffy had died while combating a strange mystical force of evil.|24
animated|lively|When he begins to talk about drama, which is his true passion, he becomes very _____.|24
antipathy|a feeling of intense dislike|John had not much affection for his mother and sisters, and an _____ to me.|24
appalling|inspiring shock, horror, disgust|The judge found the murderer's crimes and lack of remorse _____.|24
appraise|to assess the worth or value of|A realtor will come over tonight to _____ our house.|24
apprehend|to seize, arrest|The police managed to _____ the criminal at the scene.|24
apprehend|to perceive, understand, grasp|The student has trouble trying to _____ concepts in math and science.|24
aquatic|relating to water|The marine biologist studies starfish and other _____ creatures.|24
arid|excessively dry|Little other than palm trees and cacti grow successfully in _____ environments.|24
artifact|a remaining piece from an extinct culture or place|The scientists spent all day searching the cave for any _____ from the ancient Mayan civilization.|25
ascertain|learn or discover with confidence|It was hard to _____ what had gone on.|25
assail|to attack|At dawn, the war planes decided to _____ the boats in the harbor.|25
asylum|a place of refuge, protection, a sanctuary|For Thoreau, the forest served as an _____ from the pressures of urban life.|25
asylum|an institution in which the insane are kept|Once diagnosed by a certified psychiatrist, the man was put in an _____.|25
attain|to achieve, arrive at|The athletes strived to _____ their best times in competition.|25
augment|to add to, expand|The eager student seeks to _____ his knowledge of French vocabulary by reading French literature.|25
avenge|to seek revenge|The victims will take justice into their own hands and strive to _____ themselves against the men who robbed them.|25
aversion|a particular dislike for something|Because he's from Hawaii, Ben has an _____ to autumn, winter, and cold climates in general.|25
ballad|a love song|Greta's boyfriend played her a _____ on the guitar during their walk through the dark woods.|25
bashful|shy, excessively timid|Frankie's mother told him not to be _____ when he refused to attend the birthday party.|26
boisterous|marked by exuberance and high spirits|They were too _____ to miss, loitering around one of the baggage carousels, laughing and talking as if they’d known one another for years.|26
buttress|a support usually of stone or brick|It was built of a light stone that shone almost like snow in the glare of the moon, a vast spreading complex of walls and roofs and a _____, all surrounding the slender spire.|26
cacophony|loud confusing disagreeable sounds|A car honked behind them, followed by others like a _____ of quarreling geese.|26
cajole|influence or urge by gentle urging, caressing, or flattering|Many times he had to be carried or we had to _____ him into continuing the journey.|26
candor|the quality of being honest and straightforward|After all the secrecy that had come before, it was very strange indeed—in fact it was thrilling—to be spoken to with such _____ and trust.|26
canvas|to cover, inspect|We decided to _____ the neighborhood looking for clues.|26
captivate|to get the attention of, hold|The fireworks were able to _____ the young boy, who had never seen such things before.|26
cherish|to feel or show affection toward something|She continued to _____ her red plaid trousers, even though they had gone out of style and no longer fit her.|26
choreography|the arrangement of dances|The plot of the musical was banal, but the _____ was stunning.|26
chronicle|a written history|The library featured the newly updated _____ of World War II.|27
chronicle|to write a history|Albert's diary would _____ the day-to-day growth of his obsession with Cynthia.|27
clamor|to loudly insist|Neville's fans decided to _____ for him to appear on stage, but he had passed out on the floor of his dressing room.|27
cleave|separate or cut with a tool, such as a sharp instrument|She glanced out of the window in time to see her father _____ a log into three separate pieces, which he then heaved onto a growing woodpile.|27
coerce|to make somebody do something by force or threat|The court decided that Vanilla Ice did not have to honor the contract because the label chose to _____ him into signing it.|27
collateral|secondary|Divorcing my wife had the _____ effect of making me poor, as she was the only one of us with a job or money.|27
collateral|security for a debt|Jacob left his watch as _____ for the $500 loan.|27
colossus|a gigantic statue or thing|For 56 years, the ancient city of Rhodes featured a _____ standing astride its harbor.|27
compelling|forceful, demanding attention|Eliot's speech was so _____ that Lenore accepted his proposal on the spot.|27
compliant|ready to adapt oneself to another's wishes|Sue had very strong opinions about what to do on a first date, and Ted was absolutely _____.|27
compound|a combination of different parts|My attraction to Donna was a _____ of curiosity about the unknown, physical desire, and intellectual admiration.|28
compound|a walled area containing a group of buildings|When the fighting started, Joseph rushed into the family _____ because it was safe and well defended.|28
compound|to combine parts|The dangers posed by the panicking crowds served to _____ the difficulty of finding a fire escape amid the smoke.|28
condone|to pardon, deliberately overlook|He refused to _____ his brother's crime.|28
conflagration|a very intense and uncontrolled fire|It didn’t look like a bonfire from down here, but a _____.|28
congenial|suitable to your needs|It was the perfect situation, the two of them together, in so _____ a setting.|28
consensus|an agreement of opinion|The jury was able to reach a _____ only after days of deliberation.|28
constrain|to forcibly restrict|His belief in nonviolence was able to _____ him from taking revenge on his attackers.|28
construe|to interpret|He would _____ her throwing his clothes out the window as a signal that she wanted him to leave.|28
consumption|the act of consuming|_____ of intoxicating beverages is not permitted on these premises.|28
contentious|having a tendency to quarrel or dispute|George's _____ personality made him unpopular with his classmates.|29
convene|to call together|Jason decided to _____ his entire extended family for a discussion.|29
copious|large in number or quantity|The storm also brought _____ amounts of hail.|29
corroborate|support with evidence or authority or make more certain|Four people who witnessed the behavior firsthand were able to _____ her story, according to the report.|29
covet|wish, long, or crave for|When he was younger, Toby would _____ the expensive basketball shoes everybody else wore.|29
criteria|standards by which something is judged|Among Mrs. Fields's _____ for good cookies are that they be moist and chewy.|29
culmination|the climax toward which something progresses|The _____ of the couple's argument was the decision to divorce.|29
cumulative|increasing, building upon itself|The _____ effect of hours spent in the sun was a deep tan.|29
cunning|sly, clever at being deceitful|The general devised a _____ plan to surprise the enemy.|29
curtail|to lessen, reduce|Since losing his job, he had to _____ his spending.|29
daunting|intimidating, causing one to lose courage|He kept delaying the _____ act of asking for a promotion.|30
debacle|a disastrous failure, disruption|The elaborately designed fireworks show turned into a _____ when the fireworks started firing in random directions.|30
debase|to lower the quality or esteem of something|The large raise that he gave himself would _____ his motives for running the charity.|30
debunk|to expose the falseness of something|He was able to _____ her claim to be the world's greatest chess player by defeating her in 18 consecutive matches.|30
deface|to ruin or injure something's appearance|The brothers used eggs and shaving cream to _____ their neighbor's mailbox.|30
defer|to postpone something;|Ron decided to _____ to Diane, the expert on musical instruments, when he was asked about buying a piano.|30
deleterious|harmful to living things|A food product is also considered “adulterated” if it bears or contains any poisonous or _____ substance, which may render it injurious to health.|30
delineate|to describe, outline, shed light on|She neatly decided to _____ her reasons for canceling the project's funding.|30
demean|to lower the status or stature of something|She refused to _____ her secretary by making him order her lunch.|30
deride|to laugh at mockingly, scorn|The bullies would _____ the foreign student's accent.|30
despondent|feeling depressed, discouraged, hopeless|Having failed the first math test, the _____ child saw no use in studying for the next and failed that one too.|31
destitute|impoverished, utterly lacking|The hurricane destroyed many homes and left many families _____.|31
deter|to discourage, prevent from doing|Bob's description of scary snakes couldn't _____ Marcia from traveling in the rainforests.|31
devious|not straightforward, deceitful|Not wanting to be punished, the _____ girl blamed the broken vase on the cat.|31
dialect|a variation of a language|In the country's remote, mountainous regions, the inhabitants spoke a _____ that the country's other inhabitants had difficulty understanding.|31
diffuse|to scatter, thin out, break up|He was able to _____ the tension in the room by making in a joke.|31
diminutive|small or miniature|The bullies, tall and strong, picked on the _____ child.|31
discern|perceive, recognize, or detect|As his eyes adjust, he can _____ the shadow of a tree.|31
discretion|the quality of being reserved in speech or action;|Not wanting her patient to get overly anxious, the doctor used _____ in deciding how much to tell the patient about his condition.|31
disdain|to scorn, hold in low esteem|Insecure about their jobs, the older employees would _____ the recently hired ones, who were young and capable.|31
disgruntled|upset, not content|The child believed that his parents had unjustly grounded him, and remained _____ for a week.|32
disheartened|feeling a loss of spirit or morale|The team was _____ after losing in the finals of the tournament.|32
disparate|sharply differing, containing sharply contrasting elements|Having widely varying interests, the students had _____ responses toward the novel.|32
dispatch|to send off to accomplish a duty|The carpenter decided to _____ his assistant to fetch wood.|32
dissent|to disagree|The principal argued that the child should repeat the fourth grade, but the unhappy parents chose to _____.|32
dissuade|to persuade someone not to do something|Worried that he would catch a cold, she tried to _____ him from going out on winter nights.|32
divine|godly, exceedingly wonderful|Terribly fond of desserts, she found the rich chocolate cake to be _____.|32
divisive|causing dissent, discord|Her _____ tactics turned her two friends against each other.|32
divulge|to reveal something secret|Pressured by the press, the government finally was forced to _____ the previously unknown information.|32
docile|willing to be taught or led or supervised or directed|They were both so _____ and willing to help that Úrsula took them on to help her with her household chores.|32
duress|hardship, threat|It was only under intense _____ that he, who was normally against killing, fired his gun.|33
effervescent|marked by high spirits or excitement|She is _____ and finds joy in the smallest places.|33
elucidate|make clear and comprehensible|My job is to ask questions, to explain, to provide answers - to _____.|33
embellish|to decorate, adorn|My mom decided to _____ the living room by adding lace curtains.|33
eminent|conspicuous|There is an _____ stain on that shirt.|33
encore|the audience's demand for a repeat performance; also the artist's performance in response to that demand|At the end of the concert, all the fans yelled, "_____! _____!" but the band did not come out to play again.|33
encumber|to weigh down, burden|At the airport, heavy luggage would _____ my friend, so I offered to carry two of her bags.|33
engender|to bring about, create, generate|During the Olympics, the victories of U.S. athletes _____ a patriotic spirit among Americans.|33
erudite|having or showing profound knowledge|He also draws on an _____ knowledge of history, anthropology, animal behavior and cognitive science.|33
euphoric|elated, uplifted|I was _____ when I found out that my sister had given birth to twins.|33
evince|to show, reveal|Christopher's hand-wringing and nail-biting _____ how nervous he is about the upcoming English test.|34
exalt|to glorify, praise|Michael Jordan is the figure in basketball we _____ the most.|34
excursion|a trip or outing|After taking an _____ to the Bronx Zoo, I dreamed about pandas and monkeys.|34
extol|to praise, revere|Violet would _____ the virtues of a vegetarian diet to her meat-loving brother.|34
fabricate|to make up, invent|When I arrived an hour late to class, I had to _____ some excuse about my car breaking down on the way to school.|34
façade|the wall of a building|Meet me in front of the museum's main _____.|34
façade|a deceptive appearance or attitude|Despite my smiling _____, I am feeling melancholy.|34
fathom|to understand, comprehend|I cannot _____ why you like that crabby and mean-spirited neighbor of ours.|34
feral|wild, savage|That beast looks so _____ that I would fear being alone with it.|34
fervent|characterized by intense emotion|Such work, on television, tends to be admired by critics and by small, _____ audiences.|34
fickle|shifting in character, inconstant|In Greek dramas, the _____ gods help Achilles one day, and then harm him the next.|35
foil|to thwart, frustrate, defeat|Inspector Wilkens was able to _____ the thieves by locking them in the bank along with their stolen money.|35
fortuitous|lucky; occurring by happy chance|Isn't it _____,” Lady Isobel gloated one night at supper, “that the prince has returned just in time to meet my most beautiful daughter?|35
forum|a medium for lecture or discussion|Some radio talk-shows provide a good _____ for political debate.|35
fraught|(usually used with "with") filled or accompanied with|Her glances in his direction were _____ with meaning, though precisely what meaning remained unclear.|35
frenetic|frenzied, hectic, frantic|In the hours between night and morning, the _____ pace of city life slows to a lull.|35
frivolous|not serious in content, attitude, or behavior|With the economy in rough shape, Barack’s team was constantly guarding against any image coming out of the White House that might be seen as _____ or light, given the somberness of the times.|35
frugal|avoiding waste|He’s extremely _____, the kind of guy who drives the same car for twenty years.|35
genial|diffusing warmth and friendliness|The comical little painted man looked so _____, so ready to welcome anyone, that Johnny stepped in.|35
gregarious|drawn to the company of others, sociable|Well, if you're not _____, I don't know why you would want to go to a singles party!|35
grievous|injurious, hurtful; serious or grave in nature|Electrocuting the inmate without being sure of his guilt would be a truly _____ mistake.|36
hardy|robust, capable of surviving through adverse conditions|I too would have expected the plants to be dead by mid-November, but apparently they're very _____.|36
hegemony|the dominance or leadership of one social group over others|You see, American dominance represented a new form of superpower _____.|36
heinous|shockingly wicked, repugnant|The killings were made all the more _____ by the fact that the murderer first tortured his victims for three days.|36
immerse|to absorb, deeply involve, engross|After breaking up with her boyfriend, Nancy decided to _____ herself in her work in order to avoid crying.|36
impeccable|exemplary, flawless|If your grades were as _____ as your sister's, then you too would receive a car for a graduation present.|36
imperative|a rule, command, or order|Her _____ to have the folders organized by midday was perceived as ridiculous by the others.|36
imperious|having or showing arrogant superiority|Marian remembered her grandmother Isabella as an imposing woman, tall and _____, who ruled her family with an iron hand.|36
impertinent|rude, insolent|Most of your comments are so _____ that I don't wish to dignify them with an answer.|36
impervious|not admitting of passage or capable of being affected|She’s like a god—_____ to cold, famine, disease, natural and man-made disasters.|36
implement|an instrument, utensil, tool|Do you have a knife or some other sort of _____ that I could use to pry the lid off of this jar?|37
implicate|to involve in an incriminating way, incriminate|Even though Tom wasn't present at the time of the shooting, the evidence was able to _____ him by suggesting that he had supplied the shooters with guns.|37
inclination|a tendency, propensity|Sarah has an _____ to see every foreign film she hears about, even when she's sure that she won't like it.|37
incumbent|obligatory|It is _____ upon this organization to offer aid to all who seek it.|37
incumbent|one who holds an office|The _____ senator is already serving his fifth term.|37
indignation|anger sparked by something unjust or unfair|I resigned from the sorority because of my _____ at its hazing of new members.|37
induce|to bring about, stimulate|Who knew that our decision to boycott school lunch would _____ a huge riot?|37
inept|generally incompetent and ineffectual|Most were _____ at it, but some had clearly been trained in combat.|37
inhibit|to prevent, restrain, stop|When I told you I needed the car last night, I certainly never meant to _____ you from going out.|37
iniquity|absence of moral or spiritual values|Preachers used the word _____ when talking about the strange and wicked.|37
innocuous|harmless, inoffensive|In spite of their _____ appearance, these mushrooms are actually quite poisonous.|38
innovate|to do something in an unprecedented way|Because of the stiff competition, the company knew it needed to pour a lot of energy to _____ new and better products.|38
insinuate|suggest in an indirect or covert way; give to understand|But I did not for one minute suggest or _____, in any way, shape or form, that he should be abandoned in this country.|38
insipid|lacking interest or significance or impact|Let's face it, a life without fear--and without the courage to overcome fear--would be pretty bland and _____.|38
instigate|to urge, goad|The demagogue was able to _____ the crowd into a fury by telling them that they had been cheated by the federal government.|38
integral|necessary for completeness|Without the _____ ingredient of flour, you wouldn't be able to make bread.|38
interminable|without possibility of end|The fact that biology lectures came just before lunch made them seem _____.|38
intrepid|brave in the face of danger|After scaling a live volcano prior to its eruption, the explorer was praised for his _____ attitude.|38
jubilant|extremely joyful, happy|The crowd was _____ when the firefighter carried the woman from the flaming building.|38
judicious|having or exercising sound judgment|When the _____ king decided to compromise rather than send his army to its certain death, he was applauded.|38
languid|lacking spirit or liveliness|When she woke from the trance, she was cold, and exhausted, and _____; but her mind was all alert.|39
larceny|obtaining another's property by theft or trickery|When my car was not where I had left it, I realized that I was a victim of _____.|39
lavish|to give without limits|Because the performers had worked hard, they deserved the praise that the critic would _____ on them.|39
liability|something for which one is legally responsible, usually involving a disadvantage or risk|The bungee-jumping tower was a great _____ for the owners of the carnival.|39
lucid|transparently clear; easily understandable|Even if every sentence in a text is crisp, _____, and well formed, a succession of them can feel choppy, disjointed, unfocused—in a word, incoherent.|39
magnanimous|noble and generous in spirit|My master is great and noble, and all powerful; he can therefore afford to be _____.|39
malevolent|wanting harm to befall others|The _____ old man sat in the park all day, tripping unsuspecting passersby with his cane.|39
mandate|an authoritative command|In the Old Testament, God’s _____ is that no one should steal.|39
manifest|easily understandable, obvious|When I wrote the wrong sum on the chalkboard, my mistake was so _____ that the entire class burst into laughter.|39
manifest|to show plainly|His illness first began to _____ itself with particularly violent hiccups.|39
maverick|an independent, nonconformist person|Andreas is a real _____ and always does things his own way.|40
maxim|a common saying expressing a principle of conduct|Every etiquette _____ from Miss Manners is both entertaining and instructional.|40
medley|a mixture of differing things|Susannah's wardrobe contained an astonishing _____ of colors, from olive green to fluorescent pink.|40
metamorphosis|the change of form, shape, substance|Winnifred went to the gym every day for a year and underwent a _____ from a waiflike girl to an athletic woman.|40
mitigate|lessen or to try to lessen the seriousness or extent of|Food aid from the United States, Japan, South Korea, and other donors was able to _____ the worst of the famine by the late 1990s.|40
mores|the moral attitudes and fixed customs of a group of people.|_____ change over time; many things that were tolerated in 1975 are no longer seen as being socially acceptable.|40
negligent|habitually careless, neglectful|Jessie's grandfather called me a _____ fool after I left the door to his apartment unlocked even though there had been a recent string of robberies.|40
nocturnal|relating to or occurring during the night|Jackie was a _____ person; she would study until dawn and sleep until the evening.|40
nomadic|wandering from place to place|In the first six months after college, Jose led a _____ life, living in New York, California, and Idaho.|40
nominal|trifling, insignificant|Because he was moving the following week and needed to get rid of his furniture more than he needed money, Jordan sold everything for a _____ fee.|40
nondescript|lacking a distinctive character|I was surprised when I saw the movie star in person because she looked _____.|41
noxious|harmful, unwholesome|Environmentalists showed that the _____ weeds were destroying the insects' natural habitats.|41
nuance|a slight variation in meaning, tone, expression|The subtle _____ of the poem was not obvious to the casual reader, but the professor was able to point it out.|41
obtuse|lacking quickness of sensibility or intellect|Political opponents warned that the prime minister's _____ approach to foreign policy would embroil the nation in mindless war.|41
odious|extremely repulsive or unpleasant|"We knew something was bubbling under. Something _____. Something rotten," Rosenberg wrote.|41
onerous|burdensome|My parents lamented that the pleasures of living in a beautiful country estate no longer outweighed the _____ mortgage payments.|41
opulent|rich and superior in quality|The _____ fur-trimmed silk and gold ornaments told of the woman’s wealth and nobility, but those were mere faded trappings compared with her loveliness.|41
orthodox|conventional, conforming to established protocol|The company's profits dwindled because the management pursued _____ business policies that were incompatible with new industrial trends.|41
ostensible|appearing as such, seemingly|Jack's _____ reason for driving was that airfare was too expensive, but in reality, he was afraid of flying.|41
ostentatious|intended to attract notice and impress others|Every garden needs a showoff — a plant so _____ that it demands to be stared at and discussed.|41
pacific|soothing|The chemistry professor's _____ demeanor helped the class remain calm after the experiment exploded.|42
palatable|agreeable to the taste or sensibilities|Despite the unpleasant smell, the exotic cheese was quite _____.|42
palette|a range of colors or qualities|The _____ of colors utilized in the painting was equaled only by the range of intense emotions the piece evoked.|42
pallid|lacking color|Dr. Van Helsing feared that Lucy's _____ complexion was due to an unexplained loss of blood.|42
paradigm|an example that is a perfect pattern or model|Because the new SUV was so popular, it became the _____ upon which all others were modeled.|42
partisan|a follower, adherent|The king did not believe that his rival could round up enough _____ followers to overthrow the monarchy.|42
pathos|an emotion of sympathy|Martha filled with _____ upon discovering the scrawny, shivering kitten at her door.|42
penchant|a tendency, partiality, preference|Jill’s dinner parties quickly became monotonous on account of her _____ for Mexican dishes.|42
penitent|feeling or expressing remorse for misdeeds|The original idea for the penitentiary was that criminals would become _____ and turn away from their lives of crime.|42
permeate|spread or diffuse through|There was an awed silence as the odor of freshly ground coffee began to _____ the theater.|42
pernicious|extremely destructive or harmful|The new government feared that the Communist sympathizers would have a _____ influence on the nation’s stability.|43
pert|flippant, bold|My parents forgave Sandra’s _____ humor at the dinner table because it had been so long since they had last seen her.|43
pinnacle|the highest point|Book reviewers declared that the author’s new novel was extraordinary and probably the _____ of Western literature.|43
pithy|concisely meaningful|My father’s long-winded explanation was a stark contrast to his usually _____ statements.|43
pittance|a very small amount, especially relating to money|Josh complained that he was paid a _____ for the great amount of work he did at the firm.|43
placate|to ease the anger of, soothe|The man purchased a lollipop to _____ his irritable son.|43
platitude|an uninspired remark, cliché|After reading over her paper, Helene concluded that what she thought were profound insights were actually just a standard _____.|43
plethora|an abundance, excess|The wedding banquet included a _____ of oysters piled almost three feet high.|43
pliable|flexible|Aircraft wings are designed to be somewhat _____ so they do not break in heavy turbulence.|43
prescribe|to lay down a rule|The duke decided to _____ that from this point further all of the peasants living on his lands would have to pay higher taxes.|43
presumptuous|disrespectfully bold|The princess grew angry after the _____ noble tried to kiss her, even though he was far below her in social status.|44
pretense|an appearance or action intended to deceive|Though he actually wanted to use his parents’ car to go on a date, Nick borrowed his parents’ car under the _____ of attending a group study session.|44
proclivity|a strong inclination toward something|In a sick twist of fate, Harold’s childhood _____ for torturing small animals grew into a desire to become a surgeon.|44
procure|get by special effort|The only materials they lacked were stone and metal, and these they were able to _____ in trade with people as far away as the Great Lakes.|44
profuse|plentiful, abundant|The fans were _____ in their cheers for the star basketball player.|44
propagate|to multiply, spread out|Rumors of Paul McCartney’s demise began to _____ like wildfire throughout the world.|44
prowess|extraordinary ability|The musician had never taken a guitar lesson in his life, making his _____ with the instrument even more incredible.|44
punctilious|marked by precise accordance with details|A _____ perfectionist, Brady was able to hold his entire team captive to his habits.|44
punitive|involving punishment|If caught smoking in the boys’ room, the _____ result is immediate expulsion from school.|44
quaint|charmingly old-fashioned|Hilda was delighted by the _____ bonnets she saw in Amish country.|44
quandary|state of uncertainty in a choice between unfavorable options|The situation leaves local officials in a _____ this winter, as they face the conflicting demands of keeping the coal flowing while reducing air pollution.|45
rapport|a relationship of mutual understanding between people|I watched over time as the girls formed friendships, finding a _____ with one another and with the adults around them.|45
raucous|loud, boisterous|Sarah’s neighbors called the cops when her house party got too _____.|45
raze|to demolish, level|They decided to _____ the old tenement house to make room for the large chain store.|45
rebuke|to scold, criticize|When the cops showed up at Sarah’s party, they chose to _____ her for disturbing the peace.|45
reciprocate|to give in return|When Steve gave Samantha a sweater for Christmas, she decided to _____ by giving him a kiss.|45
reclusive|solitary, shunning society|_____ authors such as J.D. Salinger do not relish media attention and sometimes even enjoy holing up in remote cabins in the woods.|45
refract|to distort, change|The prism was able to bend and _____ the light as it passed through.|45
refurbish|to restore, clean up|The dingy old chair, after we decided to _____ it, commanded the handsome price of $200.|45
remedial|intended to repair gaps in students’ basic knowledge|After his teacher discovered he couldn’t read, Alex was forced to enroll in _____ English.|45
remiss|negligent, failing to take care|The burglar gained entrance because the security guard, _____ in his duties, forgot to lock the door.|46
renovate|restore, return to original state; to enlarge and make prettier, especially a house|We decided to _____ the candelabra so it would look new, and we will also _____ the house to make it twice as big.|46
repose|to rest, lie down|The cat, after eating an entire can of tuna fish, decided to _____ in the sun and took a long nap.|46
reprehensible|bringing or deserving severe rebuke or censure|"His comments were _____ and no one should be subjected to such hateful language," it said Wednesday in a statement obtained by Sports Illustrated.|46
reproach|express criticism towards|“Don’t cry like that,” my grandmother said to _____ her.|46
repudiate|reject as untrue, unfounded, or unjust|“We reject and _____ this act,” he wrote on Twitter.|46
repulse|to disgust; to push back|Antisocial Annie tried to _____ people by neglecting to brush her teeth. With a deft movement of her wrist and a punch to the stomach, Lacy repulsed Jack’s attempt to kiss her.|46
reputable|of good reputation|After the most _____ critic in the industry gave the novel a glowing review, sales took off.|46
rescind|cancel officially|An advancement might take years to win, and then we might _____ it in a day.|46
reservoir|reserves, large supply; a body of water used for storing water|Igor the Indomitable had quite a _____ of strength and could lift ten tons, even after running 700 miles, jumping over three mountains, and swimming across an ocean. After graduation, the more rebellious members of the senior class jumped into the town _____ used for drinking water.|46
resolute|firm, determined|With a _____ glint in her eye, Catherine announced that she was set on going to college in New York City even though she was a little frightened of tall buildings.|47
retract|withdraw|As the media worked itself into a frenzy, the publicist hurriedly decided to _____ his client’s statement.|47
revel|to enjoy intensely|Theodore decided to _____ in his new status as Big Man on Campus.|47
revere|to esteem, show deference, venerate|The doctor saved countless lives with his expertise and kindness, prompting the town to _____ him as a hero.|47
revoke|to take back|After missing the curfew set by the court for eight nights in a row, the judge decided to _____ Marcel’s freedom of movement.|47
rife|abundant|Surprisingly, the famous novelist’s writing was _____ with spelling errors.|47
ruminate|to contemplate, reflect|Terry liked to _____ while sitting on the banks of the river, staring pensively into the water.|47
ruse|a trick|Oliver concocted an elaborate _____ for sneaking out of the house to meet his girlfriend while simultaneously giving his mother the impression that he was asleep in bed.|47
salient|significant, conspicuous|One of the _____ differences between Alison and Nancy is that Alison is a foot taller.|47
sedentary|sitting, settled|The _____ cat did little but loll in the sun.|47
sensual|involving sensory gratification, usually related to sex|With a coy smile, the guest on the blind-date show announced that he considered himself a very _____ person.|48
sensuous|involving sensory gratification|Paul found drinking Coke, with all the little bubbles bursting on his tongue, a very _____ experience.|48
servile|subservient|The _____ porter crept around the hotel lobby, bowing and quaking before the guests.|48
sobriety|sedate, calm|Jason believed that maintaining his _____ in times of crisis was the key to success in life.|48
solvent|a substance that can dissolve other substances; able to pay debts|Water is sometimes called the universal _____ because almost all other substances can dissolve into it. Upon receiving an unexpected check from her aunt, Annabelle found herself suddenly _____.|48
sovereign|having absolute authority in a certain realm|The _____ queen, with steely resolve, ordered that the traitorous nobleman be killed.|48
stagnate|to become or remain inactive, not develop, not flow|With no room for advancement, the waiter’s career began to _____.|48
staid|sedate, serious, self-restrained|The _____ butler never changed his expression no matter what happened.|48
stingy|not generous, not inclined to spend or give|Scrooge’s _____ habits did not fit with the generous, giving spirit of Christmas.|48
stoic|seeming unaffected by pleasure or pain; impassive|She was trying to be _____, a medical woman, but I could tell that she was upset because the soldier hadn’t allowed her to help the injured on the road.|48
stupefy|to astonish, make insensible|Veronica’s audacity and ungratefulness managed to _____ her best friend, Heather.|49
subjugate|to bring under control, subdue|The invading force captured and tried to _____ the natives of that place.|49
submissive|easily yielding to authority|In some cultures, wives are supposed to be _____ and support their husbands in all matters.|49
surmise|imagine to be the case or true or probable|That movie was probably shot in 1922, a fan was able to _____ based on a quick online search of old calendars.|49
surrogate|one acting in place of another|The _____ carried the child to term for its biological parents.|49
taciturn|habitually reserved and uncommunicative|Lubalin’s friends and colleagues remember him as an extremely quiet, _____ man.|49
tangential|incidental, peripheral, divergent|I tried to discuss my salary, but the boss kept veering off into _____ topics.|49
tantamount|equivalent in value or significance|When it comes to sports, fearing your opponent is _____ to losing.|49
temperance|moderation in action or thought|Maintaining _____ will ensure that you are able to think rationally and objectively.|49
tenable|able to be defended or maintained|The department heads tore down the arguments in other people’s theses, but Johari’s work proved to be quite _____.|49
terrestrial|relating to the land|Elephants are _____ animals.|50
timorous|timid, fearful|When dealing with the unknown, _____ Tallulah almost always broke into tears.|50
tirade|a long speech marked by harsh or biting language|Every time Jessica was late, her boyfriend went into a long _____ about punctuality.|50
tome|a large book|In college, I used to carry around an anatomy book that was the heaviest _____ in my bag.|50
torrid|giving off intense heat, passionate|I didn’t want to witness the neighbor’s _____ affair through the window.|50
tortuous|winding|The scary thing about driving in mountains are the narrow, _____ roads.|50
tractable|easily managed|"It's huge to show it's a _____, manageable problem."|50
transgress|to violate, go over a limit|The criminal’s actions were a choice to _____ morality and human decency.|50
travesty|a grossly inferior imitation|According to the school newspaper’s merciless theater critic, Pacific Coast High’s rendition of the musical Oklahoma was a _____ of the original.|50
trepidation|a feeling of alarm or dread|The young mouse approached the sparrow with _____, not wanting to antagonize the moody, dangerous bird.|50
umbrage|a feeling of anger caused by being offended|One, from a person identifying as a nearby resident, took _____ with the “obnoxious noises.”|51
utopia|an imaginary and remote place of perfection|Everyone in the world wants to live in a _____, but no one can agree how to go about building one.|51
vacuous|lack of content or ideas, stupid|Beyonce realized that the lyrics she had just penned were completely _____ and tried to add more substance.|51
validate|to confirm, support, corroborate|Yoko’s chemistry lab partner was asleep during the experiment and could not _____ the accuracy of her methods.|51
vehemently|marked by intense force or emotion|The candidate _____ opposed cutting back on Social Security funding.|51
veneer|a superficial or deceptively attractive appearance, façade|Thanks to her Chanel makeup, Shannen was able to maintain a _____ of perfection that hid the flaws underneath.|51
venerate|to regard with respect or to honor|The tribute to John Lennon sought to _____ his music, his words, and his legend.|51
veracity|truthfulness, accuracy|With several agencies regulating the reports, it was difficult for Latifah to argue against its _____.|51
verbose|wordy, impaired by wordiness|It took the _____ teacher two hours to explain the topic, while it should have taken only fifteen minutes.|51
vilify|spread negative information about|But there are fourteen years of life before him yet, in which people will malign, _____, slander, and publicly and privately insult him.|51
vindicate|clear of accusation, blame, or doubt with supporting proof|The Portuguese parliament did not officially _____ Sousa Mendes for his actions until 1988, when they dismissed all charges against him and restored him to the country's diplomatic corps by a unanimous vote.|52
vocation|the work in which someone is employed, profession|After growing tired of the superficial world of high-fashion, Edwina decided to devote herself to a new _____: social work.|52
vociferous|loud, boisterous|I’m tired of his _____ whining so I’m breaking up with him.|52
whimsical|indulging in or influenced by the imagination|The finished creations are, without exception, impressive and _____; it's a real testament to what's possible with a childlike sense of wonder and some heavy-duty glue sticks.|52
winsome|charming, pleasing|After such a long, frustrating day, I was grateful for Chris’s _____ attitude and childish naivete.|52
wrath|vengeful anger, punishment|Did you really want to incur her _____ when she is known for inflicting the worst punishments legally possible?|52
zealous|fervent, filled with eagerness in pursuit of something|If he were any more _____ about getting his promotion, he’d practically live at the office.|52
zenith|the highest point, culminating point|I was too nice to tell Nelly that she had reached the absolute _____ of her career with that one hit of hers.|52
accost|approach and speak to someone aggressively or insistently|They approach people on the streets, they _____ people at entrances to polling stations.|52
affable|diffusing warmth and friendliness|Gone was the _____ smile, the playful look in his eyes.|52
affront|an insult|Bernardo was very touchy, and took any slight as an _____ to his honor.|53
aggrieved|distressed, wronged, injured|The foreman mercilessly overworked his _____ employees.|53
allay|lessen the intensity of or calm|Eisenhower understood that to _____ the public’s concerns required concrete action.|53
ambivalent|uncertain or unable to decide about what course to follow|The time of action is upon us, but I remain _____ as to what action I should take.|53
ameliorate|make better|Massage therapy is commonly used during physical rehabilitation of skeletal muscle to _____ pain and promote recovery from injury.|53
amenity|an item that increases comfort|Bill Gates's house is stocked with every comfort _____ imaginable, so he never has to do anything for himself.|53
anachronistic|chronologically misplaced|Although wood-bodied planes continued to be used, they were outdated and in fact _____ by the close of the 19th century.|53
analogous|similar to, so that an analogy can be drawn|Though they are unrelated genetically, the bone structure of whales and fish is quite _____.|53
annex|a room attached to a larger room or space|He likes to do his studying in a little _____ attached to the main reading room in the library.|53
annex|to incorporate territory or space|After defeating them in battle, the Russians decided to _____ Poland.|53
annul|to make void or invalid|After seeing its unforeseen and catastrophic effects, Congress sought to _____ the law.|54
antecedent|something that came before|The great tradition of Western culture had its _____ in the culture of Ancient Greece.|54
antiquated|old, out of date|That _____ car has none of the features, like power windows and steering, that make modern cars so great.|54
approbation|official recognition or commendation|They are the skills that are met with bigger paychecks and public _____.|54
arcane|obscure, secret, known only by a few|The professor is an expert in _____ Lithuanian literature.|54
ardor|feelings of great warmth and intensity|The ceremonies leading up to the main event fueled the _____ of the hometown enthusiasts.|54
artisan|a craftsman|The _____ uses wood to make walking sticks.|54
ascribe|to assign, credit, attribute to|Some _____ the invention of fireworks and dynamite to the Chinese.|54
atone|to repent, make amends|The man had to _____ for forgetting his wife's birthday by buying her five dozen roses.|54
atrophy|to wither away, decay|If muscles do not receive enough blood, they will soon _____ and die.|54
atypical|not typical, unusual|Screaming and crying is _____ adult behavior.|55
auspicious|indicating favorable circumstances and good luck|To the Chinese, the dragon is an _____ symbol, representing strength, good fortune and the elemental forces of nature.|55
austere|severely simple|The room she so seldom left was _____; had the bed been made, a visitor might have thought it permanently unoccupied.|55
avarice|extreme greed for material wealth|For most people, a bonus that doubled their annual income would seem like riches beyond the dreams of _____.|55
balk|to stop, block abruptly|Edna's boss decided to _____ at her request for another raise.|55
bane|a burden|Advanced physics is the _____ of many students' academic lives.|55
beguile|to trick, deceive|The thief was able to _____ his partners into surrendering all of their money to him.|55
bequeath|leave or give, especially by will after one's death|Before he handed over his pocket-book to me, he chose to _____ me his boots.|55
berate|to scold vehemently|The angry boss decided to _____ his employees for failing to meet their deadline.|55
bereft|devoid of, without|His family was _____ of food and shelter following the tornado.|55
beseech|to beg, plead, implore|The servant had to _____ the king for food to feed his starving family.|56
blight|a plague, disease|The potato _____ destroyed the harvest and bankrupted many families.|56
blight|something that destroys hope|His bad morale is a _____ upon this entire operation.|56
bombastic|excessively confident, pompous|The singer's _____ performance disgusted the crowd.|56
boon|a gift or blessing|The good weather has been a _____ for many businesses located near the beach.|56
brazen|not held back by conventional ideas of behavior|How dare you, _____ fool! How dare you demand an audience of the emissary with nothing to show him!|56
buffet|strike against forcefully|Gusts of wind began to _____ him; rainwater poured down his face.|56
buffet|an arrangement of food set out on a table|Rather than sitting around a table, the guests took food from our _____ and ate standing up.|56
buttress|to support, hold up|The column is placed to _____ the roof above the statue.|56
cadence|the rhythmic rise and fall of the voice|Laila marveled at her daughter’s manner of speech, her _____ and rhythm, her thoughtful pauses and intonations, so adult, so at odds with the immature body that housed the voice.|56
calibrate|to set, standardize|The mechanic decided to _____ the car's transmission to make the motor run most efficiently.|57
camaraderie|brotherhood, jovial unity|_____ among employees usually leads to success in business.|57
canny|shrewd, careful|The _____ runner hung at the back of the pack through much of the race to watch the other runners, and then sprinted past them at the end.|57
caustic|bitter, biting, acidic|The politicians exchanged _____ insults for over an hour during the debate.|57
censure|harsh criticism or disapproval|Those who dared to speak about it faced threats and _____.|57
censure|to rebuke formally|The principal decided to _____ the head of the English Department for forcing students to learn esoteric vocabulary.|57
chide|to voice disapproval|Lucy decided to _____ Russell for his vulgar habits and sloppy appearance.|57
circumspect|careful to consider potential consequences and avoid risk|I am practical and _____; he is impulsive and direct.|57
clandestine|secret|Announcing to her boyfriend that she was going to the gym, Sophie actually went to meet Joseph for a _____ liaison.|57
clemency|mercy|After he forgot their anniversary, Martin could only beg Maria for _____.|57
clergy|members of Christian holy orders|Though the villagers viewed the church rectory as quaint and charming, the _____ who lived there regarded it as a mildewy and dusty place that aggravated their allergies.|58
cobbler|a person who makes or repairs shoes|I had my neighborhood _____ replace my worn-out leather soles with new ones.|58
collusion|secret agreement, conspiracy|The three law students worked in _____ to steal the final exam.|58
complacency|self-satisfied ignorance of danger|Colin tried to shock his friends out of their _____ by painting a frightening picture of what might happen to them.|58
complicit|being an accomplice in a wrongful act|By keeping her daughter's affair a secret, Maddie became _____ in it.|58
concoct|to fabricate, make up|She had to _____ the most ridiculous story to explain her absence.|58
concord|harmonious agreement|Julie and Harold began the evening with a disagreement, but ended it in a state of perfect _____.|58
condolence|an expression of sympathy in sorrow|Brian lamely offered his expressions of _____ on the loss of his sister's roommate's cat.|58
conduit|a pipe or channel through which something passes|The water flowed through the _____ into the container.|58
confection|a sweet, fancy food|We went to the mall food court and purchased a delicious _____.|58
confidant|a person entrusted with secrets|Shortly after we met, she became my chief _____.|59
conformist|one who behaves the same as others|Julian was such a _____ that he had to wait and see if his friends would do something before he would commit.|59
confound|to frustrate, confuse|MacGuyver was able to _____ the policemen pursuing him by covering his tracks.|59
congregation|a gathering of people, especially for religious services|The priest told the _____ that he would be retiring.|59
connive|to plot, scheme|She decided to _____ to get me to give up my vacation plans.|59
consecrate|to dedicate something to a holy purpose|Arvin decided to _____ his spare bedroom as a shrine to Christina.|59
consign|commit forever|The Chinese government canceled his passport, choosing to _____ him to exile.|59
constituent|an essential part|The most important _____ of her perfume is something called ambergris.|59
convoluted|intricate, complicated|Grace's story was so _____ that I couldn't follow it.|59
coronation|the act of crowning|The new king's _____ occurred the day after his father's death.|59
corrosive|having the tendency to erode or eat away|The effect of the chemical was highly _____.|60
cosmopolitan|sophisticated, worldly|Lloyd's education and upbringing were _____, so he felt right at home among the powerful and learned.|60
coup|a brilliant, unexpected act|Alexander pulled off an amazing _____ when he got a date with Cynthia by purposely getting hit by her car.|60
coup|the overthrow of a government and assumption of authority|In their _____ attempt, the army officers stormed the Parliament and took all the legislators hostage.|60
culpable|deserving blame|He was _____ of the crime, and was sentenced to perform community service for 75 years.|60
dearth|an insufficient quantity or number|The shortages are not limited to food: A _____ of disposable spoons, forks and knives has forced some schools to begin conserving flatware.|60
decry|to criticize openly|The kind video rental clerk chose to _____ the policy of charging customers late fees.|60
defamatory|harmful toward another's reputation|The _____ gossip spreading about the actor made the public less willing to see the actor's new movie.|60
deferential|showing respect for another's authority|His _____ attitude toward her made her more confident in her ability to run the company.|60
demure|suggestive of modesty or reserve|Mrs. Odom, who usually dressed in _____ long dresses and straw hats, had on a pair of men’s overalls and an old plaid work shirt.|60
denigrate|to belittle, diminish the opinion of|The company decided that its advertisements would no longer _____ the company's competitors.|61
derelict|abandoned, run-down|Even though it was dangerous, the children enjoyed going to the deserted lot and playing in the _____ house.|61
derivative|taken directly from a source, unoriginal|She was bored by his music because she felt that it was _____ and that she had heard it before.|61
desecrate|to violate the sacredness of a thing or place|They feared that the construction of a golf course would _____ the preserved wilderness.|61
despot|one who has total power and rules brutally|The _____ issued a death sentence for anyone who disobeyed his laws.|61
didactic|instructive, especially excessively|But, she adds, “I don’t believe in being _____. I’m not trying to teach anybody any lessons.”|61
didactic|overly moralistic|His _____ style of teaching made it seem like he wanted to persuade his students not to understand history fully, but to understand it from only one point of view.|61
disaffected|rebellious, resentful of authority|Dismayed by Bobby's poor behavior, the parents sent their _____ son to a military academy to be disciplined.|61
disavow|to deny knowledge of or responsibility for|Not wanting others to criticize her, she chose to _____ any involvement in the company's hiring scandal.|61
discomfit|to thwart, baffle|The normally cheery and playful children's sudden misery was able to _____ the teacher.|61
disparage|express a negative opinion of|Classrooms, hallways, courtyard, lunchroom—everywhere I went I heard people _____ her, mock her, and slur her.|62
disrepute|a state of being held in low regard|The officer fell into _____ after it was learned that he had disobeyed the orders he had given to his own soldiers.|62
disseminate|cause to become widely known|And with the steady advances in telecommunications, they would soon be able to _____ their own digital content in so many new ways to so many more people.|62
dissonance|lack of harmony or consistency|Though the president of the company often spoke of the company as reliant solely upon its workers, her decision to increase her own salary rather than reward her employees revealed a striking _____ between her alleged beliefs and her actions.|62
distend|to swell out|Years of drinking beer caused his stomach to _____.|62
dogmatic|pertaining to a code of beliefs accepted as authoritative|Campaigners on both sides of the debate have become more, not less, _____.|62
dour|stern, joyless|The children feared their _____ neighbor because the old man would take their toys if he believed they were being too loud.|62
duplicity|the act of deceiving or acting in bad faith|Dragons, if you must know, are wicked creatures—full of violence and _____ and deceit.|62
eclectic|consisting of a diverse variety of elements|That bar attracts an _____ crowd: lawyers, artists, circus clowns, and investment bankers.|62
edict|a legally binding command or decision|The king issued a royal _____ ordering the dissolution of parliament, effective Sunday.|62
egregious|conspicuously and outrageously bad or reprehensible|He called the practice an “immoral and _____” breach of trust.|63
elicit|call forth, as an emotion, feeling, or response|I would like to believe that the primary objective of a cartoon is to _____ a chuckle or possibly an out-and-out laugh.|63
embezzle|to steal money by falsifying records|The accountant was fired for trying to _____ $10,000 of the company's funds.|63
emote|to express emotion|The director told the actor he had to _____, or else the audience would have no idea what his character was going through.|63
empirical|derived from experiment and observation rather than theory|An idealized view of science is that theories are accepted or rejected based solely on _____ evidence.|63
enmity|a state of deep-seated ill-will|Chess, he pronounced, is “a waste of time and money and a cause for hatred and _____ between players.”|63
enthrall|to charm, hold spellbound|The sailor's stories of fighting off sharks and finding ancient treasures were able to _____ his young son.|63
epitome|a perfect example, embodiment|My mother, the _____ of good taste, always dresses more elegantly than I do.|63
espouse|to take up as a cause, support|I love animals so much that I _____ animal rights.|63
excavate|to dig out of the ground and remove|Archeologists had to _____ the ground in Egypt to find the pharaoh's treasures.|63
exonerate|to free from guilt or blame, exculpate|The true thief's confession was able to _____ the man who had been held in custody for the crime.|64
exorbitant|excessive|Her _____ praise made me blush and squirm in my seat.|64
extraneous|not essential|He knew he couldn't tell stories, that he always included _____ details and tangents that interested only him.|64
extricate|to disentangle|Instead of trying to mediate between my brother and sister, I chose to _____ myself from the family tension entirely and left the house for the day.|64
facile|easy, requiring little effort|This game is so _____ that even a four-year-old can master it.|64
facile|superficial, achieved with minimal thought or care, insincere|The business was in such shambles that any solution seemed _____ at best; nothing could really help it in the long-run.|64
fallacious|incorrect, misleading|Emily offered me cigarettes on the _____ assumption that I smoked.|64
fastidious|giving careful attention to detail|Both, for example, were _____, very attentive to hygiene and the condition of their fingernails.|64
felicitous|well suited, apt|While his comments were idiotic and rambling, mine were _____ and helpful.|64
felicitous|delightful, pleasing|I spent a _____ afternoon visiting old friends.|64
fetid|having a foul odor|I can tell from the _____ smell in your refrigerator that your milk has spoiled.|65
fetter|to chain, restrain|The owner decided to _____ the dog to the parking meter.|65
flabbergasted|astounded|Whenever I read an Agatha Christie mystery novel, I am always _____ when I learn the identity of the murderer.|65
flagrant|conspicuously and outrageously bad or reprehensible|“Their alleged scheme has been disrupted and they will have to answer for their _____ violations of law,” Ms. Strauss said.|65
flout|to disregard or disobey openly|I chose to _____ the school's dress code by wearing a tie-dyed tank top and a pair of cut-off jeans.|65
forage|to graze, rummage for food|When we got lost on our hiking trip, we decided to _____ for berries and nuts in order to survive.|65
forestall|to prevent, thwart, delay|I managed to _____ the cold I was getting by taking plenty of vitamin C pills and wearing a scarf.|65
gluttony|overindulgence in food or drink|Ada's fried chicken tastes so divine, I don't know how anyone can call _____ a sin.|65
goad|provoke as by constant criticism|Every day she would _____ Fyrian into making atrocious choices or play tricks on the poor dragon, making him cry.|65
grandiose|on a magnificent or exaggerated scale|Margaret planned a _____ party, replete with elephants, trapeze artists, and clowns.|65
guile|shrewdness as demonstrated by being skilled in deception|There was no hiding here, though, and because there was no _____ in him, everything he felt showed on his face.|66
hapless|unlucky|My poor, _____ family never seems to pick a sunny week to go on vacation.|66
harangue|a ranting speech|Everyone had heard the teacher's _____ about gum chewing in class before.|66
harangue|to give such a speech|But this time the teacher decided to _____ the class about the importance of brushing your teeth after chewing gum.|66
hiatus|an interruption in the intensity or amount of something|She continued her concert career for a few years, but in 1958 she took a _____ from performing to be with her family.|66
ignominious|deserving or bringing disgrace or shame|His son's flight in disguise, the hiding in the oak-tree, and other circumstances of his escape are no longer _____ or laughable, but graceful and glorious.|66
immutable|not changeable|The laws of physics are _____ and constant.|66
implacable|incapable of being appeased or pacified|Her _____ anger followed them and their children too.|66
inane|silly and meaningless|Some films are so _____ that the psychology of the characters makes absolutely no sense.|66
inarticulate|incapable of expressing oneself clearly through speech|Though he spoke for over an hour, the lecturer was completely _____ and the students had no idea what he was talking about.|66
incarnate|existing in the flesh, embodied|In the church pageant, I play the role of greed _____.|67
incarnate|to give human form to|The alien evaded detection by choosing to _____ himself in a human form.|67
incendiary|a person who agitates|If we catch the _____ who screamed "bomb" in the middle of the soccer match, we're going to put him in jail.|67
incisive|clear, sharp, direct|The discussion wasn't going anywhere until her _____ comment allowed everyone to see what the true issues were.|67
incontrovertible|indisputable|Only stubborn Tina would attempt to disprove the _____ laws of physics.|67
incorrigible|incapable of correction, delinquent|You can buy Grandma nicotine gum all you want, but I think that after sixty-five years of smoking she's _____.|67
increment|an enlargement; the process of increasing|The workmen made the wall longer, _____ by _____.|67
indigent|very poor, impoverished|I would rather donate money to help the _____ population than to the park sculpture fund.|67
indolent|disinclined to work or exertion|He was perfectly able to look for work himself, but was too _____ to make the effort.|67
inexorable|incapable of being persuaded or placated|Although I begged for hours, Mom was _____ and refused to let me stay out all night after the prom.|67
infamy|notoriety, extreme ill repute|The _____ of his crime will not lessen as the decades pass.|68
infusion|an injection of one substance into another; the permeation of one substance by another|The _____ of Eastern religion into Western philosophy created interesting new schools of thought.|68
ingenuous|not devious; innocent and candid|He must have writers, but his speeches seem so _____ it's hard to believe he's not speaking from his own heart.|68
injunction|an order of official warning|After his house was toilet-papered for the fifth time, the mayor issued an _____ against anyone younger than 21 buying toilet paper.|68
innuendo|an insinuation|During the debate, the politician resorted to a subtle _____ about the sexual activities of his opponent.|68
inoculate|to introduce a microorganism, serum, or vaccine into an organism in order to increase immunity to illness; to vaccinate|I've feared needles ever since I had to _____ against 37 diseases at age one; but I have also never been sick.|68
insatiable|incapable of being satisfied|My _____ appetite for melons can be a real problem in the winter.|68
insurgent|one who rebels|The _____ snuck into and defaced a different classroom each night until the administration agreed to meet his demands.|68
intimation|an indirect suggestion|Mr. Brinford's _____ that he would soon pass away occurred when he began to discuss how to distribute his belongings among his children.|68
intractable|difficult to manipulate, unmanageable|There was no end in sight to the _____ conflict between the warring countries.|68
inure|to cause someone or something to become accustomed to a situation|Twenty years in the salt mines were able to _____ the man to the discomforts of dirt and grime.|69
invective|abusive language used to express blame or censure|It takes intelligence and character to listen to the other side and use facts and logic rather than hatred and _____.|69
inveterate|stubbornly established by habit|I'm the first to admit that I'm an _____ coffee drinker—I drink four cups a day.|69
irascible|quickly aroused to anger|We are cooped up with no end in sight, getting increasingly _____.|69
irreverence|disrespect|The _____ displayed by the band that marched through the chapel disturbed many churchgoers.|69
juxtaposition|the act of placing two things next to each other for implicit comparison|The interior designer admired my _____ of the yellow couch and green table.|69
kudos|praise for an achievement|After the performance, the reviewers gave the opera singer _____ for a job well done.|69
licentious|displaying a lack of moral or legal restraints|Marilee has always been fascinated by the _____ private lives of politicians.|69
lithe|graceful, flexible, supple|Although the dancers were all outstanding, Jae Sun's control of her _____ body was particularly impressive.|69
lurid|glaringly vivid and graphic; marked by sensationalism|I felt it, too: the dread, the weight of the horrors we’d seen, which replayed themselves in an endless, _____ loop in my mind.|69
manifold|diverse, varied|The popularity of Dante's Inferno is partly due to the fact that the work allows for _____ interpretations.|70
mendacious|having a lying, false character|The _____ content of the tabloid magazines is at least entertaining.|70
mercurial|characterized by rapid change or temperamentality|Though he was widely respected for his mathematical proofs, the _____ genius was impossible to live with.|70
modicum|a small amount of something|Refusing to display even a _____ of sensitivity, Henrietta announced her boss's affair in front of the entire office.|70
modulate|to pass from one state to another, especially in music|The composer wrote a piece that was designed to _____ between minor and major keys.|70
morass|a wet swampy bog; figuratively, something that traps and confuses|When Theresa lost her job, she could not get out of her financial _____.|70
morose|showing a brooding ill humor|He felt deeply responsible for Eric, who could be cheerfully upbeat but could also grow _____ and withdrawn and sometimes would sink into deep funks, not talking for days.|70
mutable|able to change|Because fashion is so _____, what is trendy today will look outdated in five years.|70
nadir|the lowest point of something|My day was boring, but the _____ came when I accidentally spilled a bowl of spaghetti on my head.|70
nebulous|lacking definition or definite content|“It’s still very vague and _____,” Paul said.|70
neophyte|someone who is young or inexperienced|As a _____ in the literary world, Malik had trouble finding a publisher for his first novel.|71
obdurate|unyielding to persuasion or moral influences|The _____ old man refused to take pity on the kittens.|71
oration|a speech delivered in a formal or ceremonious manner|The prime minister was visibly shaken when the unruly parliament interrupted his _____ about failed domestic policies.|71
oscillate|to sway from one side to the other|My uncle would _____ between buying a station wagon to transport his family and buying a sports car to satisfy his boyhood fantasies.|71
ostracism|exclusion from a group|Beth risked _____ if her roommates discovered her flatulence.|71
palliate|to reduce the severity of|The doctor trusted that the new medication would _____ her patient's discomfort.|71
paragon|a model of excellence or perfection|The mythical Helen of Troy was considered a _____ of female beauty.|71
pariah|an outcast|Following the discovery of his plagiarism, Professor Hurley was made a _____ in all academic circles.|71
parsimony|frugality, stinginess|Many relatives believed that my aunt’s wealth resulted from her _____.|71
pathology|a deviation from the normal|Dr. Hastings had difficulty identifying the precise nature of Brian’s _____.|71
paucity|small in quantity|Gilbert lamented the _____ of twentieth-century literature courses available at the college.|72
pejorative|derogatory, uncomplimentary|The evening’s headline news covered an international scandal caused by a _____ statement the famous senator had made in reference to a foreign leader.|72
perfidious|disloyal, unfaithful|After the official was caught selling government secrets to enemy agents, he was executed for his _____ ways.|72
perusal|a careful examination, review|The actor agreed to accept the role after a two-month _____ of the movie script.|72
petulance|rudeness, irritability|The Nanny resigned after she could no longer tolerate the child’s _____.|72
philanthropic|charitable, giving|Many people felt that the billionaire’s decision to donate her fortune to house the homeless was the ultimate _____ act.|72
phlegmatic|uninterested, unresponsive|Monique feared her dog was ill after the animal’s _____ response to his favorite chew toy.|72
pillage|to seize or plunder, especially in war|Invading enemy soldiers decided to _____ the homes scattered along the country’s border.|72
plaudits|enthusiastic approval, applause|The controversial new film received _____ from even the harshest critics.|72
polemic|an aggressive argument against a specific opinion|My brother launched into a _____ against my arguments that capitalism was an unjust economic system.|72
portent|an omen|When a black cat crossed my sister’s path while she was walking to school, she took it as a _____ that she would do badly on her spelling test.|73
potable|suitable for drinking|During sea voyages it is essential that ships carry a supply of _____ water because salty ocean water makes anyone who drinks it sick.|73
precipice|the face of a cliff, a steep or overhanging place|The mountain climber hung from a _____ before finding a handhold and pulling himself up.|73
predilection|a strong liking|A new four- or five-course menu is specially designed for each group, depending on the ingredients available and the unique _____ of each diner.|73
preponderance|superiority in importance or quantity|Britain’s _____ of naval might secured the nation’s role as a military power.|73
presage|an omen|When my uncle’s old war injury ached, he interpreted it as a _____ of bad weather approaching.|73
primeval|original, ancient|The first primates to walk on two legs, called Australopithecus, were the _____ descendants of modern man.|73
privation|lacking basic necessities|After decades of rule by an oppressive government that saw nothing wrong with stealing from its citizens, the recent drought only increased the people’s _____.|73
profane|grossly irreverent toward what is held to be sacred|On this scroll it says that Sir Charles Baskerville had an ancestor called Sir Hugo Baskerville, who was a wild, _____ and godless man.|73
promulgate|to proclaim, make known|The film professor decided to _____ that both in terms of sex appeal and political intrigue, Sean Connery’s James Bond was superior to Roger Moore’s.|73
propensity|a natural inclination|It’s a boldly experimental play about the beauty of the everyday, and human beings’ tragic _____ to look right past that.|74
proscribe|to condemn, outlaw|The town council voted to _____ the sale of alcohol on weekends.|74
puerile|juvenile, immature|The judge demanded order after the lawyer’s _____ attempt to object by stomping his feet on the courtroom floor.|74
pugnacious|ready and able to resort to force or violence|The humming-bird is of an extremely _____ disposition, and will not hesitate to attack birds considerably larger than itself.|74
putrid|rotten, foul|Those rotten eggs smell _____.|74
quagmire|a difficult situation|We’d all like to avoid the kind of military _____ characterized by the Vietnam War.|74
querulous|whiny, complaining|If deprived of his pacifier, young Brendan becomes _____.|74
rail|to scold, protest|The professor chose to _____ against the injustice of the college’s tenure policy.|74
rancid|having a terrible taste or smell|Rob was double-dog-dared to eat the _____ egg salad sandwich.|74
rancor|a feeling of deep and bitter anger and ill-will|Instead, he opened his arms and the two men said goodbye in a tight knot, free at last of the hatred and _____ that had poisoned their lives for so many years.|74
recapitulate|to sum up, repeat|Before the final exam, the teacher decided to _____ the semester’s material.|75
redoubtable|formidable; commanding respect|The fortress looked _____ set against a stormy sky. The audience greeted the _____ speaker with a standing ovation.|75
regurgitate|to vomit; to throw back exactly|Feeling sick, Chuck had to _____ his dinner. Margaret rushed through the test, choosing to _____ all of the facts she’d memorized an hour earlier.|75
relegate|assign to a lower position|The league decided to _____ two counties from Division One and promote two from Division Two.|75
renown|honor, acclaim|The young writer earned international _____ by winning the Pulitzer Prize.|75
replete|full, abundant|The unedited version was _____ with naughty words.|75
reprobate|evil, unprincipled|The _____ criminal sat sneering in the cell.|75
reprove|to scold, rebuke|Lara decided to _____ her son for sticking each and every one of his fingers into the strawberry pie.|75
requisition|a demand for goods, usually made by an authority|During the war, the government made a _____ of supplies.|75
resplendent|shiny, glowing|The partygoers were _____ in diamonds and fancy dress.|75
restive|resistant, stubborn, impatient|The _____ audience pelted the band with mud and yelled nasty comments.|76
ribald|coarsely, crudely humorous|While some giggled at the _____ joke involving a parson’s daughter, most sighed and rolled their eyes.|76
salve|a soothing balm|After Tony applied a _____ to his brilliant red sunburn, he soon felt a little better.|76
sanctimonious|giving a hypocritical appearance of piety|The _____ Bertrand delivered stern lectures on the Ten Commandments to anyone who would listen, but thought nothing of stealing cars to make some cash on the side.|76
satiate|fill to satisfaction|They believe in a desire to _____ their greed by controlling and owning everything.|76
scathing|sharp, critical, hurtful|Two hours after breaking up with Russell, Suzanne thought of the perfect _____ retort to his accusations.|76
scintillating|brilliantly clever|I’m planning on heading back to the classroom for more _____ lessons from the history teacher.|76
scurrilous|vulgar, coarse|When Bruno heard the _____ accusation being made about him, he could not believe it because he always tried to be nice to everyone.|76
seminal|original, important, creating a field|Stephen Greenblatt’s essays on Shakespeare proved to be _____, because they initiated the critical school of New Historicism.|76
serendipity|luck, finding good things without looking for them|In an amazing bit of _____, penniless Paula found a $20 bill in the subway station.|76
sinuous|lithe, serpentine|With the _____ movements of her arms, the dancer mimicked the motion of a snake.|77
soluble|able to dissolve|The plot of the spy film revolved around an untraceable and water-_____ poison.|77
somnolent|sleepy, drowsy|The _____ student kept falling asleep and waking up with a jerk.|77
sophomoric|immature, uninformed|The mature senior rolled her eyes at the _____ gross-out humor of the underclassman.|77
stolid|having or revealing little emotion or sensibility|Western ambassadors found him to be polite, _____ and rather dull.|77
surfeit|an overabundant supply or indulgence|After partaking of the _____ of tacos and tamales at the All-You-Can-Eat Taco Tamale Lunch Special, Beth felt rather sick.|77
sycophant|one who flatters for self-gain|Some see each advisor in the cabinet not as a true counselor, but as a mere _____ seeking personal gain.|77
toady|one who flatters in the hope of gaining favors|The other kids referred to the teacher’s pet as the Tenth Grade _____.|77
torpid|lethargic, dormant, lacking motion|The _____ whale floated, wallowing in the water for hours.|77
transmute|to change or alter in form|Ancient alchemists believed that it was possible to _____ lead into gold.|77
trenchant|effective, articulate, clear-cut|The directions that accompanied my new cell phone were _____ and easy to follow.|78
truculent|ready to fight, cruel|This club doesn’t really attract the dangerous types, so why was that bouncer being so _____?|78
truncate|to shorten by cutting off|After winning the derby, the jockey decided to _____ the long speech he had planned and thanked only his mom and his horse.|78
turpitude|depravity, moral corruption|Sir Marcus’s chivalry often contrasted with the _____ he exhibited with the ladies at the tavern.|78
unctuous|smooth or greasy in texture, appearance, manner|The _____ receptionist seemed untrustworthy, as if she was only being helpful because she thought we might give her a big tip.|78
utilitarian|relating to or aiming at usefulness|The beautiful, fragile vase couldn’t hold flowers or serve any other _____ purpose.|78
verdant|green in tint or color|The _____ leaves on the trees made the world look emerald.|78
vex|disturb, especially by minor irritations|I tried not to _____ or trouble him further, but he never gave me the attention I desired.|78
virtuoso|one who excels in an art; a highly skilled musical performer|Even though Lydia has studied piano for many years, she’s only average at it. She’s no _____, that’s for sure.|78
viscous|having a relatively high resistance to flow|The clay was shoveled into one of the pits and water mixed in to form a thick _____ mud.|78
vitriolic|having a caustic quality|When angry, the woman would spew _____ insults.|79
vituperate|to berate|Jack ran away as soon as his father found out, knowing his father would _____ him for his unseemly behavior.|79
wizened|dry, shrunken, wrinkled|Agatha’s grandmother, Stephanie, had the most _____ countenance, full of leathery wrinkles.|79
yoke|to join, link|We decided to _____ together the logs by tying a string around them.|79
zephyr|a gentle breeze|If not for a gentle _____ that was blowing and cooling us, our room would’ve been unbearably hot.|79
abase|to humiliate, degrade|After being overthrown, the deposed leader had to _____ himself and offer to bow down to his conqueror.|79
abdicate|to give up a position, usually one of leadership|When he realized that the revolutionaries would surely win, the king decided to _____ his throne.|79
aberration|something that differs from the norm|In 1918, the Boston Red Sox won the World Series, but the success turned out to be an _____, and the Red Sox have not won a World Series since.|79
abet|to aid, help, encourage|The spy succeeded only because he had a friend on the inside to _____ him.|79
abject|most unfortunate or miserable|His misery is so much more _____ than mine.|79
abjure|to reject, renounce|To prove his honesty, the President decided to _____ the evil policies of his wicked predecessor.|80
abnegation|denial of comfort to oneself|The holy man slept on the floor, took only cold showers, and generally followed other practices of _____.|80
abrogate|to abolish, usually by authority|The Bill of Rights assures that the government cannot _____ our right to a free press.|80
abscond|to sneak away and hide|In the confusion, the super-spy managed to _____ into the night with the secret plans.|80
absolution|freedom from blame, guilt, sin|Once all the facts were known, the jury gave Angela _____ by giving a verdict of not guilty.|80
abstruse|hard to comprehend|Everyone else in the class understood geometry easily, but John found the subject _____.|80
accede|to agree|When the class asked the teacher whether they could play baseball instead of learn grammar they expected him to refuse, but instead he decided to _____ to their request.|80
accolade|high praise, special distinction|Everyone offered a special _____ to Sam after he won the Nobel Prize.|80
accretion|slow growth in size or amount|Stalactites are formed by the _____ of minerals from the roofs of caves.|80
acerbic|biting, bitter in tone or taste|Jill became extremely _____ and began to cruelly make fun of all her friends.|80
acquiesce|to agree without protesting|Though Mr. Correlli wanted to stay outside and work in his garage, when his wife told him that he had better come in to dinner, he decided to _____ to her demands.|81
acrimony|bitterness, discord|Though they vowed that no girl would ever come between them, Biff and Trevor could not keep _____ from overwhelming their friendship after they both fell in love with the lovely Teresa.|81
acumen|keen insight|Because of his mathematical _____, Larry was able to figure out in minutes problems that took other students hours.|81
adroit|skillful, dexterous|The _____ thief could pick someone's pocket without attracting notice.|81
adulation|extreme praise|Though the book was pretty good, Marcy did not believe it deserved the _____ it received.|81
adumbrate|to sketch out in a vague way|The coach decided to _____ a game plan, but none of the players knew precisely what to do.|81
aggrandize|to increase or make greater|Joseph always dropped the names of the famous people his father knew as a way to _____ his personal stature.|81
agnostic|believing that the existence of God cannot be proven or disproven|Joey's parents are very religious, but he is _____.|81
alacrity|liveliness and eagerness|Robbie obeyed with _____ for somehow there was that in him which judged it best to obey Mrs. Weston, without as much as a scrap of hesitation.|81
amalgamate|to bring together, unite|Because of his great charisma, the presidential candidate was able to _____ all democrats and republicans under his banner.|81
amorous|showing love, particularly sexual|Whenever Albert saw Mariah wear her slinky red dress, he began to feel quite _____.|82
amorphous|without definite shape or type|The effort was doomed from the start, because the reasons behind it were so _____ and hard to pin down.|82
analgesic|something that reduces pain|Put this _____ on the wound so that the poor man at least feels a little better.|82
anarchist|one who wants to eliminate all government|An _____, Carmine wanted to dissolve every government everywhere.|82
anathema|a cursed, detested person|I never want to see that murderer. He is an _____ to me.|82
anesthesia|loss of sensation|When the nerves in his spine were damaged, Mr. Hollins suffered _____ in his legs.|82
antediluvian|ancient|The _____ man still believed that Eisenhower was president of the United States and that hot dogs cost a nickel.|82
anthology|a selected collection of writings, songs, etc.|The new _____ of Bob Dylan songs contains all his greatest hits and a few songs that you might never have heard before.|82
antiseptic|clean, sterile|The _____ hospital was very bare, but its cleanliness helped to keep patients healthy.|82
antithesis|the absolute opposite|Your values, which hold war and violence in the highest esteem, are the _____ of my pacifist beliefs.|82
apocryphal|fictitious, false, wrong|Because I am standing before you, it seems obvious that the stories circulating about my demise were _____.|83
arable|suitable for growing crops|The farmer purchased a plot of _____ land on which he will grow corn and sprouts.|83
arbiter|one who can resolve a dispute, make a decision|The divorce court judge will serve as the _____ between the estranged husband and wife.|83
arbitrary|based on or subject to individual discretion or preference|It's not a penalty assessed by any code or standard of fairness; it's _____.|83
arbitration|the process or act of resolving a dispute|The employee sought official _____ when he could not resolve a disagreement with his supervisor.|83
arboreal|of or relating to trees|Leaves, roots, and bark are a few _____ traits.|83
archetypal|the most representative or typical example of something|Some believe George Washington, with his flowing white hair and commanding stature, was the _____ politician.|83
arrogate|to take without justification|The king decided to _____ the right to order executions to himself exclusively.|83
ascetic|practicing restraint as a means of self-discipline, usually religious|The priest lives an _____ life devoid of television, savory foods, and other pleasures.|83
aspersion|a curse, expression of ill-will|The rival politicians repeatedly chose to cast a verbal _____ on each others' integrity.|83
assiduous|marked by care and persistent effort|He kept _____ notebooks detailing the technical specifications of how film sets operate.|84
assuage|provide physical relief, as from pain|She applied the medication in an attempt to _____ a toothache, they wrote.|84
banal|repeated too often; overfamiliar through overuse|Now, however, it is so common as to be _____.|84
bard|a poet, often a singer as well|Shakespeare is often considered the greatest _____ in the history of the English language.|84
behemoth|something of tremendous power or size|The new aircraft carrier is a steel _____ that the Air Force has added to its fleet.|84
bilk|cheat, defraud|The lawyer discovered that this firm had managed to _____ several clients out of thousands of dollars.|84
blandish|to coax by using flattery|Rachel's assistant tried to _____ her into accepting the deal.|84
bourgeois|a middle-class person, capitalist|Many businessmen receive criticism for their _____ approach to life.|84
burnish|to polish, shine|His mother asked him to _____ the silverware before setting the table.|84
calumny|an attempt to spoil someone else's reputation by spreading lies|The local official's _____ ended up ruining his opponent's prospect of winning the election.|84
capacious|very spacious|The workers delighted in their new _____ office space.|85
capitulate|surrender under agreed conditions|The rest of Europe was overrun and defeated, or they were forced to _____.|85
capricious|changeable|But because the gods were _____, you could not be sure what they would do.|85
carouse|to party, celebrate|We decided to _____ all night after getting married.|85
carp|to annoy, pester|The husband divorced his wife because she would constantly _____ about his habits for decades.|85
catalyze|to charge, inspire|The president's speech was able to _____ the nation and resuscitated the economy.|85
caucus|a meeting usually held by people working toward the same goal|The ironworkers held a _____ to determine how much of a pay increase they would request.|85
cavort|to leap about, behave boisterously|The adults ate their dinners on the patio, while the children decided to _____ around the pool.|85
cerebral|related to the intellect|The books we read in this class are too _____- they don't engage my emotions at all.|85
circuitous|deviating from a straight course|The _____ route from Baltimore to Annapolis, where they kept getting on and off the same road to stop at little huts by the road and let off passengers, took another hour and a half.|85
circumlocution|indirect and wordy language|The professor's habit of speaking in a verbose _____ made it difficult to follow his lectures.|86
circumscribed|marked off, bounded|The children were permitted to play tag only within a carefully _____ area of the lawn.|86
circumvent|avoid or try to avoid fulfilling, answering, or performing|Indeed, some taxpayers may be confused by the new information requirements, while others may find ways to _____ the rules.|86
clairvoyant|able to perceive things that normal people cannot|Zelda's uncanny ability to detect my lies was nothing short of _____.|86
cleave|to stick together firmly|After resolving their marital problems, Junior and Rosa decided to _____ to one another all the more tightly.|86
cloying|sickeningly sweet|Though Ronald was physically attractive, Maud found his constant compliments and solicitous remarks _____.|86
coagulate|to thicken, clot|The top layer of the pudding was left to _____ into a thick skin.|86
coalesce|to fuse into a whole|Gordon's ensemble of thrift-shop garments was able to _____ into a surprisingly handsome outfit.|86
cogent|powerfully persuasive|To write a thoughtful, persuasive argument requires hard thinking and clear, _____ rhetoric.|86
colloquial|characteristic of informal conversation|Adam's essay on sexual response in primates was marked down because it contained too many _____ expressions.|86
combustion|the act or process of burning|The unexpected _____ of the prosecution's evidence forced the judge to dismiss the case against Ramirez.|87
commendation|a notice of approval or recognition|Jared received a _____ from Linda, his supervisor, for his stellar performance.|87
commensurate|corresponding in size or degree or extent|The workers who started the organizing said their pay was not _____ with the risks they took and the productivity they must maintain.|87
commodious|roomy|Holden invited the three women to join him in the back seat of the taxicab, assuring them that the car was quite _____.|87
compunction|distress caused by feeling guilty|He felt _____ for the shabby way he'd treated her.|87
conciliatory|intended to placate|I knew I had been harsh, but I did not want to capsize the whole ship of negotiations, and I ended on a more _____ note.|87
concomitant|accompanying in a subordinate fashion|His dislike of hard work carried with it a _____ lack of funds.|87
confluence|a gathering together|A _____ of different factors made tonight the perfect night.|87
congeal|to thicken into a solid|We left the sauce on the counter to _____ into a thick paste.|87
congruity|the quality of being in agreement|Bill and Veronica achieved a perfect _____ of opinion.|87
consonant|in harmony|The singers' _____ voices were beautiful.|88
consummate|to complete a deal; to complete a marriage ceremony through sexual intercourse|Erica and Donald decided to _____ their agreement in the executive boardroom.|88
contemporaneous|existing during the same time|Though her novels do not feature the themes of Romanticism, Jane Austen's work was _____ with that of Wordsworth and Byron.|88
contravene|to contradict, oppose, violate|Edwidge chose to _____ his landlady's rule against overnight guests.|88
contrite|feeling or expressing pain or sorrow|“I’m sorry,” Grace said to her, and in her defense, she really did look _____.|88
contusion|bruise, injury|Every physical _____ on his face suggested he'd been in a fight.|88
conundrum|puzzle, problem|Interpreting Jane's behavior was a constant _____.|88
convivial|characterized by feasting, drinking, merriment|The restaurant's _____ atmosphere put me immediately at ease.|88
corpulence|extreme fatness|Henry's _____ did not make him any less attractive to his charming, svelte wife.|88
credulity|readiness to believe|His _____ made him an easy target for con men.|88
crescendo|a steady increase in intensity or volume|The _____ of the brass instruments gave the piece a patriotic feel.|89
cupidity|greed, strong desire|His _____ made him enter the abandoned gold mine despite the obvious dangers.|89
cursory|hasty and without attention to detail; not thorough|The watchman replied that a search was routine, and he looked through the bag in a _____ way, not even disturbing the clothing.|89
debauch|to corrupt by means of sensual pleasures|An endless amount of good wine and cheese was able to _____ the traveler.|89
decorous|characterized by propriety and dignity and good taste|She wore her _____ dresses to morning mass, and around her neck displayed the short single strand of pearls she had received on her fifteenth birthday.|89
demagogue|a leader who appeals to a people's prejudices|The _____ strengthened his hold over his people by blaming immigrants for the lack of jobs.|89
demarcation|the marking of boundaries or categories|Different cultures establish a different boundary _____ of good and evil.|89
depravity|wickedness|Rumors of the ogre's _____ made the children afraid to enter the forest.|89
deprecate|cause to seem or feel unimportant; belittle|When visitors praised it, my mother would _____: "It's just an overgrown farmhouse."|89
desiccated|dried up, dehydrated|The skin of the _____ mummy looked like old paper.|89
diaphanous|light, airy, transparent|Sunlight poured in through the _____ curtains, brightening the room.|90
diffident|lacking self-confidence|I could see she despised me, marking with all the snobbery of her class that I was no great lady, that I was humble, shy and _____.|90
dilatory|tending to delay, causing delay|The general's _____ strategy enabled the enemy to regroup.|90
dirge|a mournful song, especially for a funeral|The bagpipers played a _____ as the casket was carried to the cemetery.|90
discursive|rambling, lacking order|The professor's _____ lectures seemed to be about every subject except the one initially described.|90
dissemble|make believe with the intent to deceive|Naipaul is a difficult, imperfect narrator who does not care to be liked, but he is an honest one and doesn't _____.|90
dither|to be indecisive|Not wanting to offend either friend, he decided to _____ about which of the two birthday parties he should attend.|90
ebullient|extremely lively, enthusiastic|She became _____ upon receiving an acceptance letter from her first-choice college.|90
efface|to wipe out, obliterate, rub away|The husband was so angry at his wife for leaving him that he tried to _____ all evidence of her presence; he threw out pictures of her and gave away all her belongings.|90
efficacious|effective|My doctor promised me that the cold medicine was _____, but I'm still sniffling.|90
effrontery|impudence, nerve, insolence|When I told my aunt that she was boring, my mother scolded me for my _____.|91
effulgent|radiant, splendorous|The golden palace was _____.|91
elegy|a speech given in honor of a dead person|At the funeral, the widow gave a moving _____ describing her love for her husband.|91
emend|to correct or revise a written text|If my sentence is incorrect, the editor will _____ what I have written.|91
emollient|soothing|This _____ cream makes my skin very smooth.|91
enamor|to fill with love, fascinate, usually used in passive form followed by "of" or "with"|That boy was able to _____ me when he quoted my favorite love poem.|91
enervate|to weaken, exhaust|To write these sentences will _____ me so much that I will have to take a nap after I finish.|91
enfranchise|to grant the vote to|The Nineteenth Amendment decided to _____ women.|91
ennui|boredom, weariness|I feel such _____ that I don't look forward to anything, not even my birthday party.|91
ephemeral|lasting a very short time|Unlike our _____ weather features on Earth, Jupiter's storms last years, even centuries.|91
epistolary|relating to or contained in letters|Some people call me "Auntie's boy," because my aunt and I have such a close _____ relationship that we write each other every day.|92
equanimity|composure|Even though he had just been fired, Mr. Simms showed great _____ by neatly packing up his desk and wishing everyone in the office well.|92
equivocal|open to two or more interpretations|Now, this is an _____ and obscure reply, demanding explanation.|92
eschew|to shun, avoid|George hates the color green so much that he decided to _____ all green food.|92
esoteric|understandable only by an enlightened inner circle|If these basic principles can be misinterpreted, it shouldn’t be surprising that more _____ mathematics can be, too.|92
etymology|the history of words, their origin and development|From the study of _____, I know that the word "quixotic" derives from Don Quixote and the word "gaudy" refers to the Spanish architect Gaudí.|92
evanescent|fleeting, momentary|My joy at getting promoted was _____ because I discovered that I would have to work much longer hours in a less friendly office.|92
exculpate|to free from guilt or blame, exonerate|My discovery of the ring behind the dresser was able to _____ me from the charge of having stolen it.|92
execrable|loathsome, detestable|Her pudding is so _____ that it makes me sick.|92
exhort|spur on or encourage especially by cheers and shouts|Every headline would be a call to action, with a verb designed to _____ you — the reader — to learn, to grow, to investigate, to understand, to question.|92
exigent|demanding immediate attention|"These actions would require prior approval from an appropriate supervisory official and would typically involve _____ circumstances necessitating immediate action."|93
expedient|appropriate to a purpose|The Los Angeles Department of Water and Power decided that the most _____ solution was to refill a large portion of the lake.|93
expiate|to make amends for, atone|To _____ my selfishness, I gave all my profits to charity.|93
expunge|to obliterate, eradicate|Fearful of an IRS investigation, Paul tried to _____ all incriminating evidence from his tax files.|93
expurgate|to remove offensive or incorrect parts, usually of a book|The history editors decided to _____ from the text all disparaging and inflammatory comments about the Republican Party.|93
extant|existing, not destroyed or lost|My mother's _____ love letters to my father are in the attic trunk.|93
fatuous|silly, foolish|He considers himself a serious poet, but in truth, he only writes _____ limericks.|93
fecund|fruitful, fertile|The _____ tree bore enough apples to last us through the entire season.|93
flaccid|limp, not firm or strong|If a plant is not watered enough, its leaves become droopy and _____.|93
florid|flowery, ornate|The writer's _____ prose belongs on a sentimental Hallmark card.|93
forbearance|good-natured tolerance of delay or incompetence|He begged their _____ for his lengthy absences from the Wilmette house.|94
fractious|stubbornly resistant to authority or control|He was only some kind of folk legend, a warning used by mothers when youngsters were _____ or disobedient.|94
garish|tastelessly showy|She also had ridiculous, _____ makeup caked on her face, and an elaborate, upswept hairdo.|94
garrulous|full of trivial conversation|He was _____ and sociable and loved to be at the center of attention, but at the same time he was extraordinarily guarded about his private life.|94
gourmand|someone fond of eating and drinking|My father, who used to eat little more than crackers and salad, has become a true _____ in his old age.|94
grandiloquence|lofty, pompous language|The student thought her _____ would make her sound smart, but neither the class nor the teacher bought it.|94
gratuitous|unnecessary and unwarranted|While Latifah loves action and fighting, she doesn’t go in for _____ violence.|94
hackneyed|repeated too often; overfamiliar through overuse|The plot, they wrote, was _____ and formulaic.|94
hallowed|revered, consecrated|In the _____ corridors of the cathedral, the disturbed professor felt himself to be at peace.|94
hedonist|one who believes pleasure should be the primary pursuit of humans|Because he's such a _____, I knew Murray would appreciate the 11 cases of wine I bought him for his birthday.|94
iconoclast|someone who attacks cherished ideas or institutions|From the start, he was an _____, committed to using everyday materials and found artifacts, blurring the lines between sculpture and painting, between reproduction and individual creation, between objects and artworks.|95
idiosyncratic|peculiar to one person; highly individualized|I know you had trouble with the last test, but because your mistakes were highly _____, I'm going to deny your request that the class be given a new test.|95
idolatrous|excessively worshipping one object or person|Xena's _____ fawning over the band—following them on tour, starting their fan club, filming their documentary—is really beginning to get on my nerves.|95
impecunious|poor|"I fear he's too _____ to take me out tonight," the bratty girl whined.|95
impinge|to impact, affect, make an impression|The hail began to _____ the roof, leaving large dents.|95
impinge|to encroach, infringe|I apologize for trying to _____ upon you like this, but I really need to use your bathroom. Now.|95
impregnable|resistant to capture or penetration|Though the invaders used battering rams, catapults, and rain dances, the fortress proved _____ and resisted all attacks.|95
impute|attribute to a cause or source|Scientists _____ dental decay to high consumption of sugar, cautioning the public that children are not the only offenders.|95
inchoate|unformed or formless, in a beginning stage|The country's government is still _____ and, because it has no great tradition, quite unstable.|95
indefatigable|incapable of defeat, failure, decay|Even after traveling 62 miles, the _____ runner kept on moving.|95
indomitable|not capable of being conquered|To be honest, Jim, my _____ nature means I could never take orders from anyone, and especially not from a jerk like you.|96
ineffable|unspeakable, incapable of being expressed through words|It is said that the experience of playing with a dolphin is _____ and can only be understood through direct encounter.|96
inextricable|incapable of being disentangled or untied|Of course, the two "types" of health — physical and mental — are intimately intertwined, even _____, as health experts and doctors will attest.|96
inimical|tending to obstruct or cause harm|Nothing is more _____ to a respectful, rational and informative discussion than allowing the opponents to interrupt and speak over each other.|96
inquisitor|one who inquires, especially in a hostile manner|The _____ was instructed to knock on every door in town in order to find the fugitive.|96
insular|separated and narrow-minded; tight-knit, closed off|Because of the sensitive nature of their jobs, those who work for the CIA must remain _____ and generally only spend time with each other.|96
interlocutor|someone who participates in a dialogue or conversation|When the officials could not come to an agreement over the correct cover of the flags, the prime minister acted as an _____.|96
intransigent|refusing to compromise, often on an extreme opinion|The _____ child said he would have 12 scoops of ice cream, or he would bang his head against the wall until his mother fainted from fear.|96
inviolable|secure from assault|Nobody was ever able to break into Batman's _____ Batcave.|96
iridescent|showing rainbow colors|The bride's large diamond ring was _____ in the afternoon sun.|96
knell|the solemn sound of a bell, often indicating a death|Echoing throughout our village, the funeral _____ made the stormy day even more grim.|97
laceration|a cut, tear|Because he fell off his bike into a rosebush, the paperboy had a deep _____ on his arm.|97
laconic|terse in speech or writing|The author's _____ style has won him many followers who dislike wordiness.|97
largess|the generous giving of lavish gifts|My boss demonstrated great _____ by giving me a new car.|97
laudatory|expressing admiration or praise|Such _____ comments are unusual from someone who is usually so reserved in his opinions.|97
legerdemain|deception, slight-of-hand|Smuggling the French plants through customs by claiming that they were fake was a remarkable bit of _____.|97
libertarian|advocating principles of liberty and free will|The dissatisfied subjects overthrew the monarch and replaced him with a _____ ruler who respected their democratic principles.|97
limpid|clear, transparent|Mr. Johnson's _____ writing style greatly pleased readers who disliked complicated novels.|97
linchpin|something that holds separate parts together|The _____ in the prosecution's case was the hair from the defendant's head, which was found at the scene of the crime.|97
litigant|someone engaged in a lawsuit|When each opposing _____ began screaming at the other, Judge Koch ordered them to be silent.|97
maelstrom|a destructive whirlpool which rapidly sucks in objects|Little did the explorers know that as they turned the next bend of the calm river a vicious _____ would catch their boat.|98
malediction|a curse|When I was arrested for speeding, I screamed a loud _____ against the policeman and the entire police department.|98
maudlin|weakly sentimental|Although many people enjoy romantic comedies, I usually find them _____ and shallow.|98
mawkish|characterized by sick sentimentality|Although some nineteenth-century critics viewed Dickens's writing as _____, contemporary readers have found great emotional depth in his works.|98
meritorious|worthy of esteem or reward|Manfred was given the congressional medal of honor for his _____ actions.|98
mollify|cause to be more favorably inclined|To _____ farmers, a big part of his base, the president announced billions of dollars in aid to farmers.|98
munificence|generosity in giving|The royal family's _____ made everyone else in their country rich.|98
nascent|being born or beginning|Now, the Hong Kong neighborhood is thriving, as a _____ cultural scene emerges and as young creative types and entrepreneurs alike are being lured by cheaper rents.|98
noisome|unpleasant, offensive, especially to the sense of smell|Nobody would enter the stalls until the horse's _____ leavings were taken away.|98
obfuscate|to render incomprehensible|The detective did want to answer the newspaperman's questions, so he chose to _____ the truth.|98
obsequious|attempting to win favor from influential people by flattery|Sitting across a desk from the famous and powerful, he was friendly but not fawning, interested but never _____.|99
obstreperous|noisily and stubbornly defiant|Though he could be a sweet boy, he was often short-tempered and _____.|99
officious|intrusive in a meddling or offensive manner|Be careful however not to be too attentive, as you then become _____, and embarrass when you mean to please.|99
panacea|a remedy for all ills or difficulties|Doctors wish there was a single _____ for every disease, but sadly there is not.|99
pellucid|easily intelligible, clear|Wishing his book to be _____ to the common man, Albert Camus avoided using complicated grammar when composing The Stranger.|99
penultimate|next to last|Having smoked the _____ cigarette remaining in the pack, Cybil discarded the last cigarette and resolved to quit smoking.|99
penurious|miserly, stingy|Stella complained that her husband’s _____ ways made it impossible to live the lifestyle she felt she deserved.|99
perfunctory|hasty and without attention to detail; not thorough|Nathan’s post is _____, as if it’s been summarized from his earlier statements.|99
perspicacity|shrewdness, perceptiveness|The detective was too humble to acknowledge that his _____ was the reason for his professional success.|99
pertinacious|stubbornly persistent|Harry’s parents were frustrated with his _____ insistence that a monster lived in his closet. Then they opened the closet door and were eaten.|99
plenitude|an abundance|My grandmother was overwhelmed by the _____ of tomatoes her garden yielded this season.|100
poignant|arousing powerful emotions, especially pity or sadness|But all the while her heart beat in rhythm to the _____ sadness of the song the children sang while walking around in a ring with hands joined.|100
potentate|one who has great power, a ruler|All the villagers stood along the town’s main road to observe as the _____’s procession headed towards the capital.|100
precocious|characterized by exceptionally early development|"A _____ child," Miss Honey said, "is one that shows amazing intelligence early on. You are an unbelievably _____ child."|100
prepossessing|occupying the mind to the exclusion of other thoughts or feelings|His _____ appearance made it impossible for me to think of anything else.|100
prescient|to have foreknowledge of events|Questioning the fortune cookie’s prediction, Ray went in search of the old hermit who was rumored to be _____.|100
probity|virtue, integrity|Because he was never viewed as a man of great _____, no one was surprised by Mr. Samson’s immoral behavior.|100
profligate|recklessly wasteful|Inflation, according to economists such as Milton Friedman, was caused by _____ governments printing too much money to pay for excessive wage settlements and public spending pledges.|100
propitious|favorable|The dark storm clouds visible on the horizon suggested that the weather would not be _____ for sailing.|100
propriety|correct behavior|Mrs. Weston’s manners,” said Emma, “were always particularly good. Their _____, simplicity, and elegance, would make them the safest model for any young woman.|100
prosaic|not challenging; dull and lacking excitement|How can they entertain audiences with dull, _____ dialogue?|101
protean|able to change shape; displaying great variety|Among Nigel’s _____ talents was his ability to touch the tip of his nose with his tongue.|101
prurient|eliciting or possessing an extraordinary interest in sex|David’s mother was shocked by the discovery of _____ reading material hidden beneath her son’s mattress.|101
pulchritude|physical beauty|Several of Shakespeare’s sonnets explore the _____ of a lovely young man.|101
quixotic|idealistic, impractical|Edward entertained a _____ desire to fall in love at first sight in a laundromat.|101
quotidian|found in the ordinary course of events|The way we cook for and eat with others is one of the more tangible, _____ ways of measuring generosity.|101
recalcitrant|stubbornly resistant to authority or control|Parents are known at times to deliver an ultimatum to a _____ child by saying, “Do this, or else!”|101
rectitude|uprightness, extreme morality|The priest’s _____ gave him the moral authority to counsel his parishioners.|101
renunciation|to reject|Fiona’s _____ of red meat resulted in weight loss, but confused those people who thought she’d been a vegetarian for years.|101
rhapsodize|to engage in excessive enthusiasm|The critic decided to _____ about the movie, calling it an instant classic.|101
saccharine|sickeningly sweet|Tom’s _____ manner, although intended to make him popular, actually repelled his classmates.|102
sacrosanct|holy, something that should not be criticized|In the United States, the Constitution is often thought of as a _____ document.|102
sagacity|the trait of having wisdom and good judgment|For all his _____, for all his caution and astuteness, the old judge had gone the way of the rest.|102
sanguine|confidently optimistic and cheerful|You seem generally more _____ about things, and less depressed about the state of the world, than I expected to find you.|102
scrupulous|characterized by extreme care and great effort|She is savvy and always ready with a backup plan; she is diligent, and pays _____ attention to details; and she is focused, quickly assessing the risk involved in all situations.|102
semaphore|a visual signal|Anne and Diana communicated with a _____ involving candles and window shades.|102
solicitous|full of anxiety and concern|She and Grace are _____ on the way home, linking their arms through mine, asking me how I feel.|102
solipsistic|believing that oneself is all that exists|Colette’s _____ attitude completely ignored the plight of the homeless people on the street.|102
spurious|plausible but false|So, with all this in mind, how do you tell _____ comments and reviews from genuine ones?|102
strident|being sharply insistent on being heard|He was interrupted, many times, by _____ protesters.|102
sublime|inspiring awe|J. S. Bach was probably the cleverest composer who ever lived, but he gave his performers almost no detailed instructions as to how they might play his _____ music.|103
surreptitious|conducted with or marked by hidden aims or methods|Committee officials flatly deny that the files were obtained through _____ means.|103
swarthy|of dark color or complexion|When he got drunk, Robinson’s white skin became rather _____.|103
tacit|implied by or inferred from actions or statements|Unlike Mao, he seeks the _____ support of the people, rather than their active intervention.|103
temerity|fearless daring|No one even knew Major de Coverley’s first name, because no one had ever had the _____ to ask him.|103
trite|repeated too often; overfamiliar through overuse|Because I am loud and talkative, my words are thought _____ and silly.|103
turgid|swollen, excessively embellished in style or language|The haughty writer did not realize how we all really felt about his _____ prose.|103
upbraid|express criticism towards|Ash went about her work in silence as Ana chose to _____ her about her poor cooking skills, the invisible layer of dust on the dining room table, the unevenness of her stitching on their stockings.|103
vacillate|be undecided about something|I did not dwell on the situation at Fort Hare, but life has a way of forcing decisions on those who _____.|103
vapid|lacking significance or liveliness or spirit or zest|I learn that Lou Anne, whom I find dull and _____ and have never paid much mind to, gave Louvenia two weeks off with pay so she could help her grandson.|103
variegated|diversified, distinctly marked|Each wire in the engineering exam was _____ by color so that the students could figure out which one was which.|104
venerable|impressive by reason of age|Never once had he imagined Dumbledore’s childhood or youth; it was as though he had sprung into being as Harry had known him, _____ and silver-haired and old.|104
vestige|an indication that something has been present|I’m no archaeologist, but even a tiny _____ of an empire nine centuries gone is beautiful and intriguing.|104
vicarious|experienced at secondhand|I felt a _____ delight just being near the excitement.|104
vicissitude|a variation in circumstances or fortune|Roosevelt embraced the unique capacity of government to pull people together and create pools of social insurance that shielded all Americans against each risk and _____ that we all face in common.|104
wanton|unprovoked or without motive or justification|He frets about the _____ vandalism at the garden.|104
